{"timestamp":"2026-02-25T19:18:40.415Z","eventType":"admin_login","message":"El Administrador ha iniciado sesión."}
{"timestamp":"2026-02-25T19:21:52.962Z","eventType":"admin_login","message":"El Administrador ha iniciado sesión."}
{"timestamp":"2026-02-25T20:08:25.877Z","eventType":"employee_updated","message":"EMPLEADO ACTUALIZADO: '700'. Cambios: Nombre a '700'."}
{"timestamp":"2026-02-25T20:12:45.582Z","eventType":"employee_updated","message":"EMPLEADO ACTUALIZADO: 'Fidel Angel Martinez'. Cambios: Nombre a 'Fidel Angel Martinez', Salario a $700."}
{"timestamp":"2026-02-25T20:17:15.525Z","eventType":"employee_updated","message":"EMPLEADO ACTUALIZADO: 'Victor Manuel Hernandez'. Cambios: Salario a $700."}
{"timestamp":"2026-02-25T20:34:04.287Z","eventType":"employee_updated","message":"EMPLEADO ACTUALIZADO: 'Daniel Chicas Josue'. Cambios: Salario a $408.8."}
{"timestamp":"2026-02-25T20:37:05.382Z","eventType":"employee_updated","message":"EMPLEADO ACTUALIZADO: 'Juan Emilio Ulloa'. Cambios: Salario a $700."}
{"timestamp":"2026-02-25T20:40:28.917Z","eventType":"employee_updated","message":"EMPLEADO ACTUALIZADO: 'Jose Evelio Ramirez'. Cambios: Salario a $530.8."}
{"timestamp":"2026-02-25T20:40:56.323Z","eventType":"employee_updated","message":"EMPLEADO ACTUALIZADO: 'Jorge Marlon Hernandez'. Cambios: Salario a $265.72."}
{"timestamp":"2026-02-25T20:41:58.807Z","eventType":"employee_updated","message":"EMPLEADO ACTUALIZADO: 'William Alexander Segovia'. Cambios: Salario a $438.8."}
{"timestamp":"2026-02-25T20:43:36.581Z","eventType":"employee_updated","message":"EMPLEADO ACTUALIZADO: 'Rafael Antonio Alfaro'. Sin cambios significativos."}
{"timestamp":"2026-02-25T20:44:23.234Z","eventType":"employee_updated","message":"EMPLEADO ACTUALIZADO: 'Josue Daniel Sosa'. Cambios: Salario a $780."}
{"timestamp":"2026-02-25T20:44:57.478Z","eventType":"employee_updated","message":"EMPLEADO ACTUALIZADO: 'Kevin Antonio Munto'. Cambios: Salario a $438.8."}
{"timestamp":"2026-02-25T20:53:33.294Z","eventType":"employee_login","message":"El empleado 'Rudy Artemys Rivera' ha iniciado sesión."}
{"timestamp":"2026-02-25T20:54:32.904Z","eventType":"employee_login","message":"El empleado 'Karla Sofia Lovo' ha iniciado sesión."}
{"timestamp":"2026-02-25T20:55:32.227Z","eventType":"record_created","message":"EL EMPLEADO 'Karla Sofia Lovo' registró Horas Extra para el 23/2/2026. Actividad: Jjjjjjjjjjjj. Total: 1 hrs."}
{"timestamp":"2026-02-25T20:56:13.640Z","eventType":"record_created","message":"EL EMPLEADO 'Karla Sofia Lovo' registró Horas Extra para el 23/2/2026. Actividad: Ljokkbkknk. Total: 5 hrs."}
{"timestamp":"2026-02-25T20:57:00.352Z","eventType":"admin_login","message":"El Administrador ha iniciado sesión."}
{"timestamp":"2026-02-25T20:57:05.865Z","eventType":"record_updated","message":"ADMIN APROBÓ el registro de 'Karla Sofia Lovo' del 23/2/2026."}
{"timestamp":"2026-02-25T20:57:08.881Z","eventType":"record_updated","message":"ADMIN APROBÓ el registro de 'Karla Sofia Lovo' del 23/2/2026."}
{"timestamp":"2026-02-25T20:59:02.661Z","eventType":"record_deleted","message":"ADMIN ELIMINÓ registro de 'Karla Sofia Lovo' del 23/2/2026."}
{"timestamp":"2026-02-25T20:59:05.570Z","eventType":"record_deleted","message":"ADMIN ELIMINÓ registro de 'Karla Sofia Lovo' del 23/2/2026."}
{"timestamp":"2026-03-01T22:12:50.379Z","eventType":"admin_login","message":"El Administrador ha iniciado sesión."}
{"timestamp":"2026-03-01T22:13:10.004Z","eventType":"branch_created","message":"Nueva sucursal creada: 'SAN MIGUEL'. Asistencia: NO."}
{"timestamp":"2026-03-01T22:13:17.878Z","eventType":"branch_created","message":"Nueva sucursal creada: 'SAN VICENTE'. Asistencia: NO."}
{"timestamp":"2026-03-01T22:13:21.989Z","eventType":"branch_created","message":"Nueva sucursal creada: 'USULUTAN'. Asistencia: NO."}
{"timestamp":"2026-03-01T22:13:28.136Z","eventType":"branch_created","message":"Nueva sucursal creada: 'CARA SUCIA'. Asistencia: NO."}
{"timestamp":"2026-03-01T22:13:57.822Z","eventType":"branch_created","message":"Nueva sucursal creada: 'MORAZAN'. Asistencia: NO."}
{"timestamp":"2026-03-01T22:14:08.892Z","eventType":"branch_updated","message":"Sucursal 'SAN VICENTE' actualizada. Asistencia: SI."}
{"timestamp":"2026-03-01T22:15:21.174Z","eventType":"employee_login","message":"El empleado 'Karla Sofia Lovo' ha iniciado sesión."}
{"timestamp":"2026-03-01T22:16:59.918Z","eventType":"employee_login","message":"El empleado 'Rafael Antonio Alfaro' ha iniciado sesión."}
{"timestamp":"2026-03-01T22:17:36.911Z","eventType":"device_authorized","message":"Dispositivo autorizado para la sucursal 'SAN VICENTE'."}
{"timestamp":"2026-03-01T22:17:36.913Z","eventType":"branch_updated","message":"Sucursal 'SAN VICENTE' actualizada. Asistencia: SI."}
{"timestamp":"2026-03-01T22:17:37.412Z","eventType":"device_authorized","message":"Dispositivo autorizado para 'SAN VICENTE' desde el Reloj Marcador."}
{"timestamp":"2026-03-01T22:19:37.966Z","eventType":"record_created","message":"ASISTENCIA: 'Rafael Antonio Alfaro' marked ENTRADA in Branch 'SAN VICENTE' at 16:19."}
{"timestamp":"2026-03-01T22:19:38.450Z","eventType":"record_created","message":"ASISTENCIA: 'Rafael Antonio Alfaro' marcó ENTRADA TARDE (después de las 8am) en 'SAN VICENTE' a las 16:19."}
{"timestamp":"2026-03-01T22:20:17.743Z","eventType":"record_created","message":"ASISTENCIA: 'Rafael Antonio Alfaro' marked SALIDA in Branch 'SAN VICENTE' at 16:20."}
{"timestamp":"2026-03-01T22:20:54.958Z","eventType":"record_deleted","message":"ADMIN ELIMINÓ registro de 'JAIRO GUEVARA' del 27/2/2026."}
{"timestamp":"2026-03-01T22:22:13.368Z","eventType":"record_deleted","message":"ADMIN ELIMINÓ registro de 'JAIRO GUEVARA' del 27/2/2026."}
{"timestamp":"2026-03-01T22:42:53.950Z","eventType":"branch_created","message":"Nueva sucursal creada: 'CARA SUCIA'. Asistencia: NO."}
{"timestamp":"2026-03-01T22:42:58.446Z","eventType":"branch_created","message":"Nueva sucursal creada: 'MORAZAN'. Asistencia: NO."}
{"timestamp":"2026-03-01T22:43:03.763Z","eventType":"branch_created","message":"Nueva sucursal creada: 'SAN MIGUEL'. Asistencia: NO."}
{"timestamp":"2026-03-01T22:43:07.867Z","eventType":"branch_created","message":"Nueva sucursal creada: 'SAN VICENTE'. Asistencia: NO."}
{"timestamp":"2026-03-01T22:43:11.960Z","eventType":"branch_created","message":"Nueva sucursal creada: 'USULUTAN'. Asistencia: NO."}
{"timestamp":"2026-03-01T22:43:23.082Z","eventType":"branch_updated","message":"Sucursal 'SAN VICENTE' actualizada. Asistencia: SI."}
{"timestamp":"2026-03-01T22:43:58.976Z","eventType":"employee_login","message":"El empleado 'Rafael Antonio Alfaro' ha iniciado sesión."}
{"timestamp":"2026-03-01T22:45:04.876Z","eventType":"employee_login","message":"El empleado 'Rafael Antonio Alfaro' ha iniciado sesión."}
{"timestamp":"2026-03-01T22:45:12.667Z","eventType":"device_authorized","message":"Dispositivo autorizado para la sucursal 'SAN VICENTE'."}
{"timestamp":"2026-03-01T22:45:12.669Z","eventType":"branch_updated","message":"Sucursal 'SAN VICENTE' actualizada. Asistencia: SI."}
{"timestamp":"2026-03-01T22:45:12.845Z","eventType":"device_authorized","message":"Dispositivo autorizado para 'SAN VICENTE' desde el Reloj Marcador."}
{"timestamp":"2026-03-01T22:49:07.405Z","eventType":"employee_updated","message":"EMPLEADO ACTUALIZADO: '[14] JOSUE  DANIEL CHICAS'. Cambios: Nombre a 'JOSUE  DANIEL CHICAS'."}
{"timestamp":"2026-03-01T22:49:38.456Z","eventType":"employee_updated","message":"EMPLEADO ACTUALIZADO: '[14] JOSUE  DANIEL CHICAS'. Sin cambios significativos."}
{"timestamp":"2026-03-01T22:49:44.278Z","eventType":"employee_updated","message":"EMPLEADO ACTUALIZADO: '[21] JOSE EVELIO RAMIREZ'. Cambios: Nombre a 'JOSE EVELIO RAMIREZ'."}
{"timestamp":"2026-03-01T22:49:48.801Z","eventType":"employee_updated","message":"EMPLEADO ACTUALIZADO: '[27] JOSE GUILLERMO HENRIQUEZ'. Cambios: Nombre a 'JOSE GUILLERMO HENRIQUEZ'."}
{"timestamp":"2026-03-01T22:49:59.440Z","eventType":"employee_updated","message":"EMPLEADO ACTUALIZADO: '[1] IVAN ANTONIO ZELAYA'. Cambios: Nombre a 'IVAN ANTONIO ZELAYA'."}
{"timestamp":"2026-03-01T22:50:02.675Z","eventType":"employee_updated","message":"EMPLEADO ACTUALIZADO: '[2] RAUL ALEXANDER CHICAS'. Cambios: Nombre a 'RAUL ALEXANDER CHICAS'."}
{"timestamp":"2026-03-01T22:50:05.368Z","eventType":"employee_updated","message":"EMPLEADO ACTUALIZADO: '[3] FIDEL ANGEL MARTINEZ'. Cambios: Nombre a 'FIDEL ANGEL MARTINEZ'."}
{"timestamp":"2026-03-01T22:50:10.723Z","eventType":"employee_updated","message":"EMPLEADO ACTUALIZADO: '[4] FRANKLIN WILFREDO COREAS'. Cambios: Nombre a 'FRANKLIN WILFREDO COREAS'."}
{"timestamp":"2026-03-01T22:50:14.888Z","eventType":"employee_updated","message":"EMPLEADO ACTUALIZADO: '[5] VICTOR MANUEL HERNANDEZ'. Cambios: Nombre a 'VICTOR MANUEL HERNANDEZ'."}
{"timestamp":"2026-03-01T22:50:20.941Z","eventType":"employee_updated","message":"EMPLEADO ACTUALIZADO: '[6] FERNANDO JAVIER SORTO'. Cambios: Nombre a 'FERNANDO JAVIER SORTO'."}
{"timestamp":"2026-03-01T22:50:24.826Z","eventType":"employee_updated","message":"EMPLEADO ACTUALIZADO: '[7] WALTER ALEXANDER VELASQUEZ'. Cambios: Nombre a 'WALTER ALEXANDER VELASQUEZ'."}
{"timestamp":"2026-03-01T22:50:29.455Z","eventType":"employee_updated","message":"EMPLEADO ACTUALIZADO: '[8] RONALD ANTONIO GOMEZ'. Cambios: Nombre a 'RONALD ANTONIO GOMEZ'."}
{"timestamp":"2026-03-01T22:50:32.995Z","eventType":"employee_updated","message":"EMPLEADO ACTUALIZADO: '[9] EDWIN ALEXANDER PALACIOS'. Cambios: Nombre a 'EDWIN ALEXANDER PALACIOS'."}
{"timestamp":"2026-03-01T22:50:37.896Z","eventType":"employee_updated","message":"EMPLEADO ACTUALIZADO: '[10] JAVIER ARMANDO PORTILLO'. Cambios: Nombre a 'JAVIER ARMANDO PORTILLO'."}
{"timestamp":"2026-03-01T22:50:43.828Z","eventType":"employee_updated","message":"EMPLEADO ACTUALIZADO: '[12] GUILLERMO ALEXANDER ZELAYA'. Cambios: Nombre a 'GUILLERMO ALEXANDER ZELAYA'."}
{"timestamp":"2026-03-01T22:50:47.296Z","eventType":"employee_updated","message":"EMPLEADO ACTUALIZADO: '[13] RAFAEL ANTONIO DIAZ'. Cambios: Nombre a 'RAFAEL ANTONIO DIAZ'."}
{"timestamp":"2026-03-01T22:50:52.386Z","eventType":"employee_updated","message":"EMPLEADO ACTUALIZADO: '[15] MARVIN ANTONIO ALVARENGA'. Cambios: Nombre a 'MARVIN ANTONIO ALVARENGA'."}
{"timestamp":"2026-03-01T22:51:00.993Z","eventType":"employee_updated","message":"EMPLEADO ACTUALIZADO: '[16] RUDY ARTEMYS RIVERA'. Cambios: Nombre a 'RUDY ARTEMYS RIVERA'."}
{"timestamp":"2026-03-01T22:51:04.043Z","eventType":"employee_updated","message":"EMPLEADO ACTUALIZADO: '[17] KARLA SOFIA LOVO'. Cambios: Nombre a 'KARLA SOFIA LOVO'."}
{"timestamp":"2026-03-01T22:51:06.726Z","eventType":"employee_updated","message":"EMPLEADO ACTUALIZADO: '[18] MARIO ERNESTO GOMEZ'. Cambios: Nombre a 'MARIO ERNESTO GOMEZ'."}
{"timestamp":"2026-03-01T22:51:10.151Z","eventType":"employee_updated","message":"EMPLEADO ACTUALIZADO: '[19] HENRY ALEXANDER SANTACRUZ'. Cambios: Nombre a 'HENRY ALEXANDER SANTACRUZ'."}
{"timestamp":"2026-03-01T22:51:17.777Z","eventType":"employee_updated","message":"EMPLEADO ACTUALIZADO: '[21] JOSE EVELIO RAMIREZ'. Sin cambios significativos."}
{"timestamp":"2026-03-01T22:51:21.257Z","eventType":"employee_updated","message":"EMPLEADO ACTUALIZADO: '[20] JUAN EMILIO ULLOA'. Cambios: Nombre a 'JUAN EMILIO ULLOA'."}
{"timestamp":"2026-03-01T22:51:26.373Z","eventType":"employee_updated","message":"EMPLEADO ACTUALIZADO: '[23] JORGE MARLON HERNANDEZ'. Cambios: Nombre a 'JORGE MARLON HERNANDEZ'."}
{"timestamp":"2026-03-01T22:51:29.417Z","eventType":"employee_updated","message":"EMPLEADO ACTUALIZADO: '[24] FREDY ALBERTO VASQUEZ'. Cambios: Nombre a 'FREDY ALBERTO VASQUEZ'."}
{"timestamp":"2026-03-01T22:51:33.385Z","eventType":"employee_updated","message":"EMPLEADO ACTUALIZADO: '[25] WILLIAM ALEXANDER SEGOVIA'. Cambios: Nombre a 'WILLIAM ALEXANDER SEGOVIA'."}
{"timestamp":"2026-03-01T22:51:42.022Z","eventType":"employee_updated","message":"EMPLEADO ACTUALIZADO: '[26] CHRISTIAN DE JESUS SEGOVIA'. Cambios: Nombre a 'CHRISTIAN DE JESUS SEGOVIA'."}
{"timestamp":"2026-03-01T22:51:45.190Z","eventType":"employee_updated","message":"EMPLEADO ACTUALIZADO: '[28] RAFAEL ANTONIO ALFARO'. Cambios: Nombre a 'RAFAEL ANTONIO ALFARO'."}
{"timestamp":"2026-03-01T22:51:48.058Z","eventType":"employee_updated","message":"EMPLEADO ACTUALIZADO: '[29] KEVIN MAURICIO BAUTISTA'. Cambios: Nombre a 'KEVIN MAURICIO BAUTISTA'."}
{"timestamp":"2026-03-01T22:51:52.154Z","eventType":"employee_updated","message":"EMPLEADO ACTUALIZADO: '[30] DOUGLAS ENRIQUE ARGUETA'. Cambios: Nombre a 'DOUGLAS ENRIQUE ARGUETA'."}
{"timestamp":"2026-03-01T22:52:01.288Z","eventType":"employee_updated","message":"EMPLEADO ACTUALIZADO: '[31] BRAYAN ESTIVEN AYALA'. Cambios: Nombre a 'BRAYAN ESTIVEN AYALA'."}
{"timestamp":"2026-03-01T22:52:05.665Z","eventType":"employee_updated","message":"EMPLEADO ACTUALIZADO: '[32] FERNANDO JOSE ALFARO'. Cambios: Nombre a 'FERNANDO JOSE ALFARO'."}
{"timestamp":"2026-03-01T22:52:08.740Z","eventType":"employee_updated","message":"EMPLEADO ACTUALIZADO: '[33] JOSUE DANIEL SOSA'. Cambios: Nombre a 'JOSUE DANIEL SOSA'."}
{"timestamp":"2026-03-01T22:52:12.623Z","eventType":"employee_updated","message":"EMPLEADO ACTUALIZADO: '[34] KEVIN ANTONIO MUNTO'. Cambios: Nombre a 'KEVIN ANTONIO MUNTO'."}
{"timestamp":"2026-03-01T22:52:19.173Z","eventType":"employee_updated","message":"EMPLEADO ACTUALIZADO: '[35] MILTON DAVID MENJIVAR'. Cambios: Nombre a 'MILTON DAVID MENJIVAR'."}
{"timestamp":"2026-03-01T22:52:24.325Z","eventType":"employee_updated","message":"EMPLEADO ACTUALIZADO: '[37] NERY ARY CASTILLO'. Cambios: Nombre a 'NERY ARY CASTILLO'."}
{"timestamp":"2026-03-01T22:52:28.391Z","eventType":"employee_updated","message":"EMPLEADO ACTUALIZADO: '[36] WIDMAN RAFAEL LUCHA'. Cambios: Nombre a 'WIDMAN RAFAEL LUCHA'."}
{"timestamp":"2026-03-01T22:53:31.872Z","eventType":"employee_login","message":"El empleado 'RAFAEL ANTONIO ALFARO' ha iniciado sesión."}
{"timestamp":"2026-03-02T01:37:53.184Z","eventType":"admin_login","message":"El Administrador ha iniciado sesión."}
{"timestamp":"2026-03-02T01:38:39.729Z","eventType":"employee_created","message":"NUEVO EMPLEADO: Se creó a '[38] JAIRO GUEVARA' asignado a la sucursal 'SAN MIGUEL' con un salario de $408.8."}
{"timestamp":"2026-03-02T01:39:08.398Z","eventType":"employee_login","message":"El empleado 'JAIRO GUEVARA' ha iniciado sesión."}
{"timestamp":"2026-03-02T01:39:47.926Z","eventType":"employee_updated","message":"EMPLEADO ACTUALIZADO: '[38] JAIRO GUEVARA'. Cambios: Sucursal a 'SAN VICENTE'."}
{"timestamp":"2026-03-02T01:40:11.067Z","eventType":"employee_login","message":"El empleado 'JAIRO GUEVARA' ha iniciado sesión."}
{"timestamp":"2026-03-02T01:40:32.170Z","eventType":"record_created","message":"ASISTENCIA: 'JAIRO GUEVARA' marked ENTRADA in Branch 'SAN VICENTE' at 19:40."}
{"timestamp":"2026-03-02T01:40:32.776Z","eventType":"record_created","message":"ASISTENCIA: 'JAIRO GUEVARA' marcó ENTRADA TARDE (después de las 8am) en 'SAN VICENTE' a las 19:40."}
{"timestamp":"2026-03-02T01:40:37.089Z","eventType":"record_created","message":"ASISTENCIA: 'JAIRO GUEVARA' marked SALIDA in Branch 'SAN VICENTE' at 19:40."}
{"timestamp":"2026-03-02T01:41:53.426Z","eventType":"employee_login","message":"El empleado 'JAIRO GUEVARA' ha iniciado sesión."}
{"timestamp":"2026-03-02T01:42:51.027Z","eventType":"device_revoked","message":"Dispositivo revocado para la sucursal 'SAN VICENTE'."}
{"timestamp":"2026-03-02T01:42:51.029Z","eventType":"branch_updated","message":"Sucursal 'SAN VICENTE' actualizada. Asistencia: SI."}
{"timestamp":"2026-03-02T01:43:00.021Z","eventType":"device_authorized","message":"Dispositivo autorizado para la sucursal 'SAN VICENTE'."}
{"timestamp":"2026-03-02T01:43:00.023Z","eventType":"branch_updated","message":"Sucursal 'SAN VICENTE' actualizada. Asistencia: SI."}
{"timestamp":"2026-03-02T01:43:00.453Z","eventType":"device_authorized","message":"Dispositivo autorizado para 'SAN VICENTE' desde el Reloj Marcador."}
{"timestamp":"2026-03-02T01:44:35.182Z","eventType":"employee_login","message":"El empleado 'BRAYAN ESTIVEN AYALA' ha iniciado sesión."}
{"timestamp":"2026-03-05T13:54:33.524Z","eventType":"admin_login","message":"El Administrador ha iniciado sesión."}
{"timestamp":"2026-03-05T13:56:53.096Z","eventType":"employee_updated","message":"EMPLEADO ACTUALIZADO: '[29] KEVIN MAURICIO BAUTISTA'. Cambios: Estado a 'inactive'."}
{"timestamp":"2026-03-05T13:58:21.421Z","eventType":"employee_login","message":"El empleado 'JAIRO GUEVARA' ha iniciado sesión."}
{"timestamp":"2026-03-05T13:58:38.952Z","eventType":"branch_updated","message":"Sucursal 'SAN VICENTE' actualizada. Asistencia: NO."}
{"timestamp":"2026-03-05T14:00:19.791Z","eventType":"employee_login","message":"El empleado 'DOUGLAS ENRIQUE ARGUETA' ha iniciado sesión."}
{"timestamp":"2026-03-05T14:04:48.083Z","eventType":"record_created","message":"EL EMPLEADO 'DOUGLAS ENRIQUE ARGUETA' registró Horas Extra para el 4/3/2026. Actividad: Se fue a solventar corte de fibra en PON 5 Molineros . Total: 1.5 hrs."}
{"timestamp":"2026-03-05T14:06:07.738Z","eventType":"employee_login","message":"El empleado 'FERNANDO JOSE ALFARO' ha iniciado sesión."}
{"timestamp":"2026-03-05T14:06:49.241Z","eventType":"employee_login","message":"El empleado 'FERNANDO JOSE ALFARO' ha iniciado sesión."}
{"timestamp":"2026-03-05T14:08:42.769Z","eventType":"record_created","message":"EL EMPLEADO 'FERNANDO JOSE ALFARO' registró Horas Extra para el 4/3/2026. Actividad: Se Fue A Fue A Levantar Pon Molinero . Total: 1.5 hrs."}
{"timestamp":"2026-03-05T14:12:46.612Z","eventType":"admin_login","message":"El Administrador ha iniciado sesión."}
{"timestamp":"2026-03-06T14:35:17.868Z","eventType":"admin_login","message":"El Administrador ha iniciado sesión."}
{"timestamp":"2026-03-06T20:54:02.661Z","eventType":"record_updated","message":"ADMIN APROBÓ el registro de 'DOUGLAS ENRIQUE ARGUETA' del 4/3/2026."}
{"timestamp":"2026-03-06T20:54:04.293Z","eventType":"record_updated","message":"ADMIN APROBÓ el registro de 'FERNANDO JOSE ALFARO' del 4/3/2026."}
{"timestamp":"2026-03-09T17:37:03.553Z","eventType":"admin_login","message":"El Administrador ha iniciado sesión."}
{"timestamp":"2026-03-09T22:39:39.205Z","eventType":"admin_login","message":"El Administrador ha iniciado sesión."}
{"timestamp":"2026-03-09T22:39:48.975Z","eventType":"admin_login","message":"El Administrador ha iniciado sesión."}
{"timestamp":"2026-03-09T22:40:11.402Z","eventType":"employee_updated","message":"EMPLEADO ACTUALIZADO: '[11] ROBERTO ANTONIO VELIS'. Cambios: Nombre a 'ROBERTO ANTONIO VELIS'."}
{"timestamp":"2026-03-09T22:40:31.767Z","eventType":"employee_updated","message":"EMPLEADO ACTUALIZADO: '[22] OSCAR ADAN RAMIREZ'. Cambios: Nombre a 'OSCAR ADAN RAMIREZ'."}
{"timestamp":"2026-03-09T22:40:49.607Z","eventType":"employee_updated","message":"EMPLEADO ACTUALIZADO: '[37] NERY ARY CASTILLO'. Cambios: Estado a 'inactive'."}
{"timestamp":"2026-03-10T01:06:53.642Z","eventType":"admin_login","message":"El Administrador ha iniciado sesión."}
{"timestamp":"2026-03-10T13:47:10.688Z","eventType":"admin_login","message":"El Administrador ha iniciado sesión."}
{"timestamp":"2026-03-10T13:48:17.013Z","eventType":"employee_login","message":"El empleado 'VICTOR MANUEL HERNANDEZ' ha iniciado sesión."}
{"timestamp":"2026-03-10T13:49:49.211Z","eventType":"record_created","message":"EL EMPLEADO 'VICTOR MANUEL HERNANDEZ' registró Horas Extra para el 2/3/2026. Actividad: Apertura del turno NOC. Total: 2 hrs."}
{"timestamp":"2026-03-10T13:50:08.022Z","eventType":"record_created","message":"EL EMPLEADO 'VICTOR MANUEL HERNANDEZ' registró Horas Extra para el 3/3/2026. Actividad: Apertura del turno NOC. Total: 2 hrs."}
{"timestamp":"2026-03-10T13:50:34.864Z","eventType":"record_created","message":"EL EMPLEADO 'VICTOR MANUEL HERNANDEZ' registró Horas Extra para el 4/3/2026. Actividad: Apertura del turno NOC. Total: 2 hrs."}
{"timestamp":"2026-03-10T13:50:50.309Z","eventType":"record_created","message":"EL EMPLEADO 'VICTOR MANUEL HERNANDEZ' registró Horas Extra para el 5/3/2026. Actividad: Apertura del turno NOC. Total: 2 hrs."}
{"timestamp":"2026-03-10T13:51:51.411Z","eventType":"record_created","message":"EL EMPLEADO 'VICTOR MANUEL HERNANDEZ' registró Horas Extra para el 6/3/2026. Actividad: Apertura del turno NOC. Total: 2 hrs."}
{"timestamp":"2026-03-10T13:52:29.695Z","eventType":"record_created","message":"EL EMPLEADO 'VICTOR MANUEL HERNANDEZ' registró Horas Extra para el 7/3/2026. Actividad: Apertura del turno NOC. Total: 2 hrs."}
{"timestamp":"2026-03-10T13:53:07.220Z","eventType":"record_created","message":"EL EMPLEADO 'VICTOR MANUEL HERNANDEZ' registró Horas Extra para el 7/3/2026. Actividad: Cubrir a Daniel por incapacidad. Total: 2 hrs."}
{"timestamp":"2026-03-10T13:53:42.682Z","eventType":"record_created","message":"EL EMPLEADO 'VICTOR MANUEL HERNANDEZ' registró Horas Extra para el 9/3/2026. Actividad: Apertura del turno NOC. Total: 2 hrs."}
{"timestamp":"2026-03-10T13:54:42.309Z","eventType":"record_created","message":"EL EMPLEADO 'VICTOR MANUEL HERNANDEZ' registró Horas Extra para el 9/3/2026. Actividad: Mantenimiento de fibra por cambios de Postes, zona Moncagua, nodos caidos Gueguecho. Total: 3.5 hrs."}
{"timestamp":"2026-03-10T13:55:04.010Z","eventType":"record_created","message":"EL EMPLEADO 'VICTOR MANUEL HERNANDEZ' registró Horas Extra para el 10/3/2026. Actividad: Apertura del turno NOC. Total: 2 hrs."}
{"timestamp":"2026-03-10T14:03:44.426Z","eventType":"employee_login","message":"El empleado 'FIDEL ANGEL MARTINEZ' ha iniciado sesión."}
{"timestamp":"2026-03-10T14:05:29.017Z","eventType":"employee_login","message":"El empleado 'HENRY ALEXANDER SANTACRUZ' ha iniciado sesión."}
{"timestamp":"2026-03-10T14:05:50.183Z","eventType":"admin_login","message":"El Administrador ha iniciado sesión."}
{"timestamp":"2026-03-10T14:06:26.824Z","eventType":"employee_login","message":"El empleado 'FERNANDO JAVIER SORTO' ha iniciado sesión."}
{"timestamp":"2026-03-10T14:08:34.891Z","eventType":"employee_updated","message":"EMPLEADO ACTUALIZADO: '[15] MARVIN JOSUE ALVARENGA'. Cambios: Nombre a 'MARVIN JOSUE ALVARENGA'."}
{"timestamp":"2026-03-10T14:09:03.730Z","eventType":"record_created","message":"EL EMPLEADO 'FERNANDO JAVIER SORTO' registró Horas Extra para el 10/3/2026. Actividad: BYPASS RUN 2025. Total: 6.5 hrs."}
{"timestamp":"2026-03-10T14:09:19.922Z","eventType":"employee_login","message":"El empleado 'JAIRO GUEVARA' ha iniciado sesión."}
{"timestamp":"2026-03-10T14:10:46.951Z","eventType":"record_created","message":"EL EMPLEADO 'HENRY ALEXANDER SANTACRUZ' registró Horas Extra para el 8/3/2026. Actividad: Pendiente de liga española encuentro termino a las 4 . Total: 2 hrs."}
{"timestamp":"2026-03-10T14:13:05.892Z","eventType":"employee_login","message":"El empleado 'HENRY ALEXANDER SANTACRUZ' ha iniciado sesión."}
{"timestamp":"2026-03-10T14:14:10.791Z","eventType":"record_created","message":"EL EMPLEADO 'HENRY ALEXANDER SANTACRUZ' registró Horas Extra para el 9/3/2026. Actividad: Se cubrió turno de lino por salida del pais. Total: 8 hrs."}
{"timestamp":"2026-03-10T14:17:55.112Z","eventType":"employee_login","message":"El empleado 'HENRY ALEXANDER SANTACRUZ' ha iniciado sesión."}
{"timestamp":"2026-03-10T14:23:08.824Z","eventType":"employee_login","message":"El empleado 'ROBERTO ANTONIO VELIS' ha iniciado sesión."}
{"timestamp":"2026-03-10T14:23:36.439Z","eventType":"employee_login","message":"El empleado 'MARIO ERNESTO GOMEZ' ha iniciado sesión."}
{"timestamp":"2026-03-10T14:23:59.996Z","eventType":"employee_login","message":"El empleado 'RONALD ANTONIO GOMEZ' ha iniciado sesión."}
{"timestamp":"2026-03-10T14:24:38.417Z","eventType":"employee_login","message":"El empleado 'MARIO ERNESTO GOMEZ' ha iniciado sesión."}
{"timestamp":"2026-03-10T14:24:56.283Z","eventType":"employee_login","message":"El empleado 'FRANKLIN WILFREDO COREAS' ha iniciado sesión."}
{"timestamp":"2026-03-10T14:25:20.167Z","eventType":"employee_login","message":"El empleado 'GUILLERMO ALEXANDER ZELAYA' ha iniciado sesión."}
{"timestamp":"2026-03-10T14:25:41.811Z","eventType":"record_created","message":"EL EMPLEADO 'ROBERTO ANTONIO VELIS' registró Horas Extra para el 8/3/2026. Actividad: Carrera Shulton Runners en Usulután con el equipo de Ontime-Flynet. Total: 7 hrs."}
{"timestamp":"2026-03-10T14:25:44.432Z","eventType":"employee_created","message":"NUEVO EMPLEADO: Se creó a '[39] WILLIAM ULISES BONILLA' asignado a la sucursal 'SAN MIGUEL' con un salario de $450."}
{"timestamp":"2026-03-10T14:27:08.564Z","eventType":"employee_created","message":"NUEVO EMPLEADO: Se creó a '[40] DANIEL ALESSANDRO GONZALES' asignado a la sucursal 'SAN MIGUEL' con un salario de $450."}
{"timestamp":"2026-03-10T14:27:17.962Z","eventType":"employee_login","message":"El empleado 'WILLIAM ULISES BONILLA' ha iniciado sesión."}
{"timestamp":"2026-03-10T14:27:28.231Z","eventType":"record_created","message":"EL EMPLEADO 'GUILLERMO ALEXANDER ZELAYA' registró Horas Extra para el 6/3/2026. Actividad: Soporte Técnico . Total: 1 hrs."}
{"timestamp":"2026-03-10T14:27:45.996Z","eventType":"record_created","message":"EL EMPLEADO 'MARIO ERNESTO GOMEZ' registró Horas Extra para el 6/3/2026. Actividad: Soporte técnico . Total: 1 hrs."}
{"timestamp":"2026-03-10T14:27:59.061Z","eventType":"record_created","message":"EL EMPLEADO 'ROBERTO ANTONIO VELIS' registró Horas Extra para el 3/3/2026. Actividad: Actividad entreno Garden Mall, enseñándole al nuevo diseñador a como se toman las fotos y como se procesan. Total: 3 hrs."}
{"timestamp":"2026-03-10T14:28:04.828Z","eventType":"record_created","message":"EL EMPLEADO 'GUILLERMO ALEXANDER ZELAYA' registró Horas Extra para el 7/3/2026. Actividad: Soporte Técnico. Total: 1.5 hrs."}
{"timestamp":"2026-03-10T14:28:51.213Z","eventType":"employee_login","message":"El empleado 'WILLIAM ALEXANDER SEGOVIA' ha iniciado sesión."}
{"timestamp":"2026-03-10T14:31:37.890Z","eventType":"employee_login","message":"El empleado 'FRANKLIN WILFREDO COREAS' ha iniciado sesión."}
{"timestamp":"2026-03-10T14:32:09.120Z","eventType":"record_created","message":"EL EMPLEADO 'WILLIAM ULISES BONILLA' registró Horas Extra para el 8/3/2026. Actividad: Revisar el sistema para el registro y monitoreo de los participantes durante la carrera . Total: 7 hrs."}
{"timestamp":"2026-03-10T14:32:35.092Z","eventType":"employee_login","message":"El empleado 'MARVIN JOSUE ALVARENGA' ha iniciado sesión."}
{"timestamp":"2026-03-10T14:41:16.669Z","eventType":"record_created","message":"EL EMPLEADO 'WILLIAM ALEXANDER SEGOVIA' registró Horas Extra para el 8/3/2026. Actividad: Eventos shulton runners usulutan . Total: 3 hrs."}
{"timestamp":"2026-03-10T14:48:03.735Z","eventType":"employee_login","message":"El empleado 'WALTER ALEXANDER VELASQUEZ' ha iniciado sesión."}
{"timestamp":"2026-03-10T15:05:00.415Z","eventType":"employee_created","message":"NUEVO EMPLEADO: Se creó a '[41] STEVEN EFRAIN MEDRANO' asignado a la sucursal 'USULUTAN' con un salario de $408.8."}
{"timestamp":"2026-03-10T15:09:32.216Z","eventType":"employee_login","message":"El empleado 'STEVEN EFRAIN MEDRANO' ha iniciado sesión."}
{"timestamp":"2026-03-10T15:15:55.654Z","eventType":"record_created","message":"EL EMPLEADO 'STEVEN EFRAIN MEDRANO' registró Horas Extra para el 10/3/2026. Actividad: Evento shulton romer. Total: 3 hrs."}
{"timestamp":"2026-03-10T15:17:43.743Z","eventType":"record_created","message":"EL EMPLEADO 'STEVEN EFRAIN MEDRANO' registró Horas Extra para el 8/3/2026. Actividad: Evento shulton romer. Total: 3 hrs."}
{"timestamp":"2026-03-10T15:29:09.835Z","eventType":"employee_login","message":"El empleado 'RUDY ARTEMYS RIVERA' ha iniciado sesión."}
{"timestamp":"2026-03-10T15:31:30.105Z","eventType":"record_created","message":"EL EMPLEADO 'RUDY ARTEMYS RIVERA' registró Horas Extra para el 8/3/2026. Actividad: Carrera de Shulton . Total: 6 hrs."}
{"timestamp":"2026-03-10T15:41:06.421Z","eventType":"employee_login","message":"El empleado 'JOSE GUILLERMO HENRIQUEZ' ha iniciado sesión."}
{"timestamp":"2026-03-10T15:43:15.197Z","eventType":"record_created","message":"EL EMPLEADO 'JOSE GUILLERMO HENRIQUEZ' registró Horas Extra para el 1/3/2026. Actividad: Poner generador (planta) en oficina usulutan . Total: 8 hrs."}
{"timestamp":"2026-03-10T15:44:22.187Z","eventType":"record_created","message":"EL EMPLEADO 'RUDY ARTEMYS RIVERA' registró Horas Extra para el 3/3/2026. Actividad: Viaje a San Salvador . Total: 2 hrs."}
{"timestamp":"2026-03-10T15:44:57.188Z","eventType":"record_created","message":"EL EMPLEADO 'RUDY ARTEMYS RIVERA' registró Horas Extra para el 4/3/2026. Actividad: Regreso a San Miguel . Total: 4 hrs."}
{"timestamp":"2026-03-10T19:30:25.048Z","eventType":"employee_login","message":"El empleado 'IVAN ANTONIO ZELAYA' ha iniciado sesión."}
{"timestamp":"2026-03-10T19:31:36.249Z","eventType":"employee_login","message":"El empleado 'FIDEL ANGEL MARTINEZ' ha iniciado sesión."}
{"timestamp":"2026-03-10T19:31:39.161Z","eventType":"employee_login","message":"El empleado 'MARVIN JOSUE ALVARENGA' ha iniciado sesión."}
{"timestamp":"2026-03-10T19:32:52.673Z","eventType":"employee_login","message":"El empleado 'FRANKLIN WILFREDO COREAS' ha iniciado sesión."}
{"timestamp":"2026-03-10T19:33:06.483Z","eventType":"record_created","message":"EL EMPLEADO 'FIDEL ANGEL MARTINEZ' registró Horas Extra para el 8/3/2026. Actividad: Corte de fibra megapoli 2. Total: 3 hrs."}
{"timestamp":"2026-03-10T19:34:16.700Z","eventType":"record_created","message":"EL EMPLEADO 'IVAN ANTONIO ZELAYA' registró Horas Extra para el 28/2/2026. Actividad: Limpieza nema Gueguecho. Total: 5.75 hrs."}
{"timestamp":"2026-03-10T19:34:48.282Z","eventType":"record_created","message":"EL EMPLEADO 'FRANKLIN WILFREDO COREAS' registró Horas Extra para el 8/3/2026. Actividad: Corte torre megapolis. Total: 3 hrs."}
{"timestamp":"2026-03-10T19:35:07.200Z","eventType":"record_created","message":"EL EMPLEADO 'MARVIN JOSUE ALVARENGA' registró Horas Extra para el 10/3/2026. Actividad: Limpieza de caja nema el gueguecho. Total: 5.75 hrs."}
{"timestamp":"2026-03-10T19:36:20.270Z","eventType":"record_created","message":"EL EMPLEADO 'FIDEL ANGEL MARTINEZ' registró Horas Extra para el 6/3/2026. Actividad: Cambio de caja nema en planes 1. Total: 2 hrs."}
{"timestamp":"2026-03-10T19:38:31.561Z","eventType":"record_created","message":"EL EMPLEADO 'FRANKLIN WILFREDO COREAS' registró Horas Extra para el 9/3/2026. Actividad: Traslado de Fibra Papalon moncagua. Total: 6 hrs."}
{"timestamp":"2026-03-10T19:39:15.589Z","eventType":"record_created","message":"EL EMPLEADO 'MARVIN JOSUE ALVARENGA' registró Horas Extra para el 2/3/2026. Actividad: Cambio de caja nema el triunfo. Total: 1.5 hrs."}
{"timestamp":"2026-03-10T19:39:57.834Z","eventType":"record_created","message":"EL EMPLEADO 'FIDEL ANGEL MARTINEZ' registró Horas Extra para el 2/3/2026. Actividad: Nema triunfo . Total: 1 hrs."}
{"timestamp":"2026-03-10T19:41:28.423Z","eventType":"record_created","message":"EL EMPLEADO 'IVAN ANTONIO ZELAYA' registró Horas Extra para el 3/3/2026. Actividad: Soporte baratillo usulutan. Total: 2 hrs."}
{"timestamp":"2026-03-10T19:41:39.423Z","eventType":"employee_login","message":"El empleado 'FIDEL ANGEL MARTINEZ' ha iniciado sesión."}
{"timestamp":"2026-03-10T19:42:20.398Z","eventType":"record_created","message":"EL EMPLEADO 'FRANKLIN WILFREDO COREAS' registró Horas Extra para el 3/3/2026. Actividad: Desatenuacion Cliente Baratillo Usulutan. Total: 2 hrs."}
{"timestamp":"2026-03-10T19:42:39.770Z","eventType":"record_created","message":"EL EMPLEADO 'RONALD ANTONIO GOMEZ' registró Horas Extra para el 3/3/2026. Actividad: Atenuación de f.o , el baratillo Usulután . Total: 2 hrs."}
{"timestamp":"2026-03-10T19:43:05.841Z","eventType":"record_created","message":"EL EMPLEADO 'IVAN ANTONIO ZELAYA' registró Horas Extra para el 4/3/2026. Actividad: Instalacion nema planes y pon 8 gueguecho. Total: 1.5 hrs."}
{"timestamp":"2026-03-10T19:43:27.205Z","eventType":"record_created","message":"EL EMPLEADO 'FRANKLIN WILFREDO COREAS' registró Horas Extra para el 4/3/2026. Actividad: Desatenuacion Pon Huehuecho. Total: 1.5 hrs."}
{"timestamp":"2026-03-10T19:44:07.627Z","eventType":"record_created","message":"EL EMPLEADO 'FIDEL ANGEL MARTINEZ' registró Horas Extra para el 4/3/2026. Actividad: Torre nueva san miguel . Total: 1.5 hrs."}
{"timestamp":"2026-03-10T19:45:58.423Z","eventType":"employee_login","message":"El empleado 'FIDEL ANGEL MARTINEZ' ha iniciado sesión."}
{"timestamp":"2026-03-10T19:46:45.532Z","eventType":"record_created","message":"EL EMPLEADO 'IVAN ANTONIO ZELAYA' registró Horas Extra para el 5/3/2026. Actividad: Desatenuacion pon 8 y pon 2 gueguecho. Total: 2.25 hrs."}
{"timestamp":"2026-03-10T19:46:46.762Z","eventType":"record_created","message":"EL EMPLEADO 'FRANKLIN WILFREDO COREAS' registró Horas Extra para el 5/3/2026. Actividad: Desatenuacion Pon 8 y 2 Huehuecho. Total: 2.25 hrs."}
{"timestamp":"2026-03-10T19:47:54.764Z","eventType":"record_created","message":"EL EMPLEADO 'FRANKLIN WILFREDO COREAS' registró Horas Extra para el 6/3/2026. Actividad: Finalizacion Torre planes . Total: 2.5 hrs."}
{"timestamp":"2026-03-10T19:47:59.473Z","eventType":"record_created","message":"EL EMPLEADO 'RONALD ANTONIO GOMEZ' registró Horas Extra para el 4/3/2026. Actividad: Intalación de nema en cerro las mesas , revisión en torre nueva San Miguel . Total: 1.5 hrs."}
{"timestamp":"2026-03-10T19:48:01.112Z","eventType":"record_created","message":"EL EMPLEADO 'MARVIN JOSUE ALVARENGA' registró Horas Extra para el 4/3/2026. Actividad: Cambio de nema planes . Total: 1.5 hrs."}
{"timestamp":"2026-03-10T19:48:12.303Z","eventType":"record_created","message":"EL EMPLEADO 'FIDEL ANGEL MARTINEZ' registró Horas Extra para el 6/3/2026. Actividad: Cambio de equipo en nema planes 1. Total: 2.5 hrs."}
{"timestamp":"2026-03-10T19:48:19.134Z","eventType":"record_created","message":"EL EMPLEADO 'IVAN ANTONIO ZELAYA' registró Horas Extra para el 6/3/2026. Actividad: Finalizacion cambio de nema planes . Total: 2.5 hrs."}
{"timestamp":"2026-03-10T19:49:39.332Z","eventType":"employee_login","message":"El empleado 'FIDEL ANGEL MARTINEZ' ha iniciado sesión."}
{"timestamp":"2026-03-10T19:50:54.789Z","eventType":"record_created","message":"EL EMPLEADO 'MARVIN JOSUE ALVARENGA' registró Horas Extra para el 3/3/2026. Actividad: Instalacion de disipador caja nema el triunfo . Total: 2.5 hrs."}
{"timestamp":"2026-03-10T19:51:05.441Z","eventType":"record_created","message":"EL EMPLEADO 'FIDEL ANGEL MARTINEZ' registró Horas Extra para el 3/3/2026. Actividad: Intalacion de disipador caja nema el triunfo . Total: 2.5 hrs."}
{"timestamp":"2026-03-10T19:51:23.258Z","eventType":"record_created","message":"EL EMPLEADO 'RONALD ANTONIO GOMEZ' registró Horas Extra para el 6/3/2026. Actividad: Finalización de caja nema en planes . Total: 2.5 hrs."}
{"timestamp":"2026-03-10T19:51:38.160Z","eventType":"record_created","message":"EL EMPLEADO 'IVAN ANTONIO ZELAYA' registró Horas Extra para el 9/3/2026. Actividad: Fusion de mufas papalon moncagua. Total: 6 hrs."}
{"timestamp":"2026-03-10T19:52:42.377Z","eventType":"employee_login","message":"El empleado 'MARVIN JOSUE ALVARENGA' ha iniciado sesión."}
{"timestamp":"2026-03-10T19:53:48.088Z","eventType":"record_created","message":"EL EMPLEADO 'RONALD ANTONIO GOMEZ' registró Horas Extra para el 9/3/2026. Actividad: Fusión de mufas el papalon . Total: 6 hrs."}
{"timestamp":"2026-03-10T19:55:01.383Z","eventType":"record_created","message":"EL EMPLEADO 'MARVIN JOSUE ALVARENGA' registró Horas Extra para el 9/3/2026. Actividad: Traslado de F.O papalon de Moncagua . Total: 6 hrs."}
{"timestamp":"2026-03-10T22:03:46.409Z","eventType":"employee_login","message":"El empleado 'MARVIN JOSUE ALVARENGA' ha iniciado sesión."}
{"timestamp":"2026-03-10T23:18:31.034Z","eventType":"admin_login","message":"El Administrador ha iniciado sesión."}
{"timestamp":"2026-03-11T00:02:23.220Z","eventType":"employee_login","message":"El empleado 'RONALD ANTONIO GOMEZ' ha iniciado sesión."}
{"timestamp":"2026-03-11T00:10:43.030Z","eventType":"employee_login","message":"El empleado 'MARIO ERNESTO GOMEZ' ha iniciado sesión."}
{"timestamp":"2026-03-11T03:27:04.134Z","eventType":"employee_login","message":"El empleado 'JAVIER ARMANDO PORTILLO' ha iniciado sesión."}
{"timestamp":"2026-03-11T05:36:59.017Z","eventType":"employee_login","message":"El empleado 'JOSUE  DANIEL CHICAS' ha iniciado sesión."}
{"timestamp":"2026-03-11T05:37:52.624Z","eventType":"record_created","message":"EL EMPLEADO 'JOSUE  DANIEL CHICAS' registró Horas Extra para el 2/3/2026. Actividad: Creacionistas de ruta. Total: 1 hrs."}
{"timestamp":"2026-03-11T05:38:22.377Z","eventType":"record_created","message":"EL EMPLEADO 'JOSUE  DANIEL CHICAS' registró Horas Extra para el 3/3/2026. Actividad: creacion de ruta. Total: 1 hrs."}
{"timestamp":"2026-03-11T05:38:55.575Z","eventType":"record_created","message":"EL EMPLEADO 'JOSUE  DANIEL CHICAS' registró Horas Extra para el 4/3/2026. Actividad: creacion de ruta. Total: 1 hrs."}
{"timestamp":"2026-03-11T05:39:26.153Z","eventType":"record_created","message":"EL EMPLEADO 'JOSUE  DANIEL CHICAS' registró Horas Extra para el 4/3/2026. Actividad: verificación stb. Total: 1.5 hrs."}
{"timestamp":"2026-03-11T05:40:08.948Z","eventType":"record_created","message":"EL EMPLEADO 'JOSUE  DANIEL CHICAS' registró Horas Extra para el 5/3/2026. Actividad: Creacion de ruta. Total: 1 hrs."}
{"timestamp":"2026-03-11T05:40:37.118Z","eventType":"record_created","message":"EL EMPLEADO 'JOSUE  DANIEL CHICAS' registró Horas Extra para el 6/3/2026. Actividad: Creación de ruta. Total: 1 hrs."}
{"timestamp":"2026-03-11T05:41:12.848Z","eventType":"record_created","message":"EL EMPLEADO 'JOSUE  DANIEL CHICAS' registró Horas Extra para el 7/3/2026. Actividad: Creación de rutas . Total: 1 hrs."}
{"timestamp":"2026-03-11T05:41:53.198Z","eventType":"record_created","message":"EL EMPLEADO 'JOSUE  DANIEL CHICAS' registró Horas Extra para el 7/3/2026. Actividad: Verificación internet don Nelson. Total: 3 hrs."}
{"timestamp":"2026-03-11T05:42:16.553Z","eventType":"record_created","message":"EL EMPLEADO 'JOSUE  DANIEL CHICAS' registró Horas Extra para el 9/3/2026. Actividad: Creación de rutas . Total: 1 hrs."}
{"timestamp":"2026-03-11T05:42:49.191Z","eventType":"record_created","message":"EL EMPLEADO 'JOSUE  DANIEL CHICAS' registró Horas Extra para el 10/3/2026. Actividad: Creación de rutas . Total: 1 hrs."}
{"timestamp":"2026-03-11T12:15:11.243Z","eventType":"employee_login","message":"El empleado 'HENRY ALEXANDER SANTACRUZ' ha iniciado sesión."}
{"timestamp":"2026-03-11T12:16:20.797Z","eventType":"record_created","message":"EL EMPLEADO 'HENRY ALEXANDER SANTACRUZ' registró Horas Extra para el 11/3/2026. Actividad: Cubriendo turno de lino por salida del país . Total: 8 hrs."}
{"timestamp":"2026-03-11T12:18:09.139Z","eventType":"record_created","message":"EL EMPLEADO 'HENRY ALEXANDER SANTACRUZ' registró Horas Extra para el 10/3/2026. Actividad: Cubriendo turno de lino por salida del país . Total: 8 hrs."}
{"timestamp":"2026-03-11T12:22:11.662Z","eventType":"employee_login","message":"El empleado 'HENRY ALEXANDER SANTACRUZ' ha iniciado sesión."}
{"timestamp":"2026-03-11T12:31:02.720Z","eventType":"employee_login","message":"El empleado 'VICTOR MANUEL HERNANDEZ' ha iniciado sesión."}
{"timestamp":"2026-03-11T12:32:22.184Z","eventType":"record_created","message":"EL EMPLEADO 'VICTOR MANUEL HERNANDEZ' registró Horas Extra para el 11/3/2026. Actividad: Apertura turno NOC. Total: 2 hrs."}
{"timestamp":"2026-03-11T22:17:35.571Z","eventType":"admin_login","message":"El Administrador ha iniciado sesión."}
{"timestamp":"2026-03-11T23:10:50.089Z","eventType":"employee_login","message":"El empleado 'JUAN EMILIO ULLOA' ha iniciado sesión."}
{"timestamp":"2026-03-11T23:27:32.494Z","eventType":"employee_login","message":"El empleado 'HENRY ALEXANDER SANTACRUZ' ha iniciado sesión."}
{"timestamp":"2026-03-12T02:05:55.109Z","eventType":"admin_login","message":"El Administrador ha iniciado sesión."}
{"timestamp":"2026-03-12T11:54:35.980Z","eventType":"record_created","message":"EL EMPLEADO 'VICTOR MANUEL HERNANDEZ' registró un Día Adicional para el 12/3/2026. Actividad: Apertura turno NOC. Total: 14.5 hrs."}
{"timestamp":"2026-03-12T13:57:40.057Z","eventType":"employee_login","message":"El empleado 'RUDY ARTEMYS RIVERA' ha iniciado sesión."}
{"timestamp":"2026-03-12T13:58:25.513Z","eventType":"record_created","message":"EL EMPLEADO 'RUDY ARTEMYS RIVERA' registró Horas Extra para el 10/3/2026. Actividad: ADN carrera. Total: 3 hrs."}
{"timestamp":"2026-03-12T19:57:02.533Z","eventType":"admin_login","message":"El Administrador ha iniciado sesión."}
{"timestamp":"2026-03-12T21:45:17.961Z","eventType":"employee_created","message":"NUEVO EMPLEADO: Se creó a '[42] ANDRES DUARTE SOSA' asignado a la sucursal 'SAN MIGUEL' con un salario de $450."}
{"timestamp":"2026-03-12T21:46:10.836Z","eventType":"employee_updated","message":"EMPLEADO ACTUALIZADO: '[42] ANDRE DUARTE SOSA'. Cambios: Nombre a 'ANDRE DUARTE SOSA'."}
{"timestamp":"2026-03-12T21:49:54.388Z","eventType":"employee_login","message":"El empleado 'ANDRE DUARTE SOSA' ha iniciado sesión."}
{"timestamp":"2026-03-12T21:51:59.234Z","eventType":"record_created","message":"EL EMPLEADO 'ANDRE DUARTE SOSA' registró Horas Extra para el 10/3/2026. Actividad: Entreno de Garden Mall por evento del dia de la mujer, se alargo la jornada por problemas en la subida fotos. Total: 5 hrs."}
{"timestamp":"2026-03-12T21:53:20.470Z","eventType":"record_created","message":"EL EMPLEADO 'ANDRE DUARTE SOSA' registró Horas Extra para el 8/3/2026. Actividad: Carrera By Pass Run Usulutan, Shulton Runner con el team de Flynet y Ontime. Total: 7 hrs."}
{"timestamp":"2026-03-12T21:54:46.770Z","eventType":"record_created","message":"EL EMPLEADO 'ANDRE DUARTE SOSA' registró Horas Extra para el 3/3/2026. Actividad: Entreno Garcen Mall, para conocer ruta y tomas de fotografias y proceso de subida de fotos a redes sociales. Total: 4 hrs."}
{"timestamp":"2026-03-12T22:55:56.036Z","eventType":"employee_login","message":"El empleado 'MARIO ERNESTO GOMEZ' ha iniciado sesión."}
{"timestamp":"2026-03-12T22:58:17.372Z","eventType":"record_created","message":"EL EMPLEADO 'MARIO ERNESTO GOMEZ' registró Horas Extra para el 11/3/2026. Actividad: Soporte técnico . Total: 0.75 hrs."}
{"timestamp":"2026-03-12T22:59:57.535Z","eventType":"employee_login","message":"El empleado 'MARIO ERNESTO GOMEZ' ha iniciado sesión."}
{"timestamp":"2026-03-12T23:05:15.262Z","eventType":"record_created","message":"EL EMPLEADO 'MARIO ERNESTO GOMEZ' registró Horas Extra para el 9/3/2026. Actividad: Soporte técnico . Total: 0.5 hrs."}
{"timestamp":"2026-03-12T23:42:58.582Z","eventType":"employee_login","message":"El empleado 'HENRY ALEXANDER SANTACRUZ' ha iniciado sesión."}
{"timestamp":"2026-03-12T23:43:30.237Z","eventType":"employee_login","message":"El empleado 'HENRY ALEXANDER SANTACRUZ' ha iniciado sesión."}
{"timestamp":"2026-03-12T23:44:24.923Z","eventType":"record_created","message":"EL EMPLEADO 'HENRY ALEXANDER SANTACRUZ' registró Horas Extra para el 12/3/2026. Actividad: Se cubrió turno de lino por salida del país . Total: 8 hrs."}
{"timestamp":"2026-03-13T01:36:54.137Z","eventType":"record_created","message":"EL EMPLEADO 'GUILLERMO ALEXANDER ZELAYA' registró Horas Extra para el 9/3/2026. Actividad: Soporte Técnico . Total: 0.5 hrs."}
{"timestamp":"2026-03-13T01:37:38.502Z","eventType":"record_created","message":"EL EMPLEADO 'GUILLERMO ALEXANDER ZELAYA' registró Horas Extra para el 11/3/2026. Actividad: Soporte Técnico . Total: 0.75 hrs."}
{"timestamp":"2026-03-13T02:10:34.119Z","eventType":"employee_login","message":"El empleado 'JUAN EMILIO ULLOA' ha iniciado sesión."}
{"timestamp":"2026-03-13T02:13:49.430Z","eventType":"record_created","message":"EL EMPLEADO 'JUAN EMILIO ULLOA' registró Horas Extra para el 5/3/2026. Actividad: Instalación de GPS santa tecla. Total: 2 hrs."}
{"timestamp":"2026-03-13T02:15:28.348Z","eventType":"record_created","message":"EL EMPLEADO 'JUAN EMILIO ULLOA' registró Horas Extra para el 5/3/2026. Actividad: Instalación de GPS santa tecla. Total: 1 hrs."}
{"timestamp":"2026-03-13T02:17:36.413Z","eventType":"record_created","message":"EL EMPLEADO 'JUAN EMILIO ULLOA' registró Horas Extra para el 10/3/2026. Actividad: Compra de motor sonsonate . Total: 2 hrs."}
{"timestamp":"2026-03-13T02:21:00.961Z","eventType":"record_created","message":"EL EMPLEADO 'JUAN EMILIO ULLOA' registró Horas Extra para el 10/3/2026. Actividad: Compra de motor sonsonate . Total: 2 hrs."}
{"timestamp":"2026-03-13T02:42:29.201Z","eventType":"employee_login","message":"El empleado 'IVAN ANTONIO ZELAYA' ha iniciado sesión."}
{"timestamp":"2026-03-13T02:43:46.900Z","eventType":"record_created","message":"EL EMPLEADO 'IVAN ANTONIO ZELAYA' registró Horas Extra para el 12/3/2026. Actividad: Cambio en poste maría Julia SM, Fusiones mufa villa panamericana. Total: 3 hrs."}
{"timestamp":"2026-03-13T13:25:03.938Z","eventType":"record_created","message":"EL EMPLEADO 'VICTOR MANUEL HERNANDEZ' registró Horas Extra para el 13/3/2026. Actividad: Apertura NOC. Total: 2 hrs."}
{"timestamp":"2026-03-13T13:40:59.608Z","eventType":"employee_login","message":"El empleado 'FRANKLIN WILFREDO COREAS' ha iniciado sesión."}
{"timestamp":"2026-03-13T13:42:20.128Z","eventType":"record_created","message":"EL EMPLEADO 'FRANKLIN WILFREDO COREAS' registró Horas Extra para el 12/3/2026. Actividad: Tendido y Fucion Lorena Villa P.. Total: 3 hrs."}
{"timestamp":"2026-03-13T14:38:22.594Z","eventType":"admin_login","message":"El Administrador ha iniciado sesión."}
{"timestamp":"2026-03-13T19:52:14.593Z","eventType":"admin_login","message":"El Administrador ha iniciado sesión."}
{"timestamp":"2026-03-13T19:52:35.122Z","eventType":"record_updated","message":"ADMIN ACTUALIZÓ registro de 'VICTOR MANUEL HERNANDEZ' (12/3/2026)."}
{"timestamp":"2026-03-13T19:52:43.363Z","eventType":"record_updated","message":"ADMIN ACTUALIZÓ registro de 'VICTOR MANUEL HERNANDEZ' (12/3/2026)."}
{"timestamp":"2026-03-13T21:04:01.860Z","eventType":"record_updated","message":"ADMIN ACTUALIZÓ registro de 'HENRY ALEXANDER SANTACRUZ' (12/3/2026)."}
{"timestamp":"2026-03-13T21:04:06.165Z","eventType":"record_updated","message":"ADMIN ACTUALIZÓ registro de 'HENRY ALEXANDER SANTACRUZ' (11/3/2026)."}
{"timestamp":"2026-03-13T21:04:11.593Z","eventType":"record_updated","message":"ADMIN ACTUALIZÓ registro de 'HENRY ALEXANDER SANTACRUZ' (10/3/2026)."}
{"timestamp":"2026-03-13T21:04:13.766Z","eventType":"record_updated","message":"ADMIN ACTUALIZÓ registro de 'HENRY ALEXANDER SANTACRUZ' (9/3/2026)."}
{"timestamp":"2026-03-13T21:06:44.549Z","eventType":"record_updated","message":"ADMIN RECHAZÓ el registro de 'ANDRE DUARTE SOSA' del 8/3/2026."}
{"timestamp":"2026-03-13T21:06:46.997Z","eventType":"record_updated","message":"ADMIN APROBÓ el registro de 'ANDRE DUARTE SOSA' del 8/3/2026."}
{"timestamp":"2026-03-13T21:06:50.083Z","eventType":"record_updated","message":"ADMIN ACTUALIZÓ registro de 'ANDRE DUARTE SOSA' (8/3/2026)."}
{"timestamp":"2026-03-13T21:07:01.957Z","eventType":"record_updated","message":"ADMIN ACTUALIZÓ registro de 'RUDY ARTEMYS RIVERA' (8/3/2026)."}
{"timestamp":"2026-03-13T21:07:16.304Z","eventType":"record_updated","message":"ADMIN ACTUALIZÓ registro de 'WILLIAM ULISES BONILLA' (8/3/2026)."}
{"timestamp":"2026-03-13T21:07:40.766Z","eventType":"record_updated","message":"ADMIN ACTUALIZÓ registro de 'WILLIAM ALEXANDER SEGOVIA' (8/3/2026)."}
{"timestamp":"2026-03-13T21:07:45.242Z","eventType":"record_updated","message":"ADMIN ACTUALIZÓ registro de 'STEVEN EFRAIN MEDRANO' (8/3/2026)."}
{"timestamp":"2026-03-13T21:07:53.781Z","eventType":"record_updated","message":"ADMIN ACTUALIZÓ registro de 'ROBERTO ANTONIO VELIS' (8/3/2026)."}
{"timestamp":"2026-03-13T21:08:35.647Z","eventType":"record_updated","message":"ADMIN APROBÓ el registro de 'IVAN ANTONIO ZELAYA' del 28/2/2026."}
{"timestamp":"2026-03-13T21:08:38.078Z","eventType":"record_updated","message":"ADMIN APROBÓ el registro de 'JOSE GUILLERMO HENRIQUEZ' del 1/3/2026."}
{"timestamp":"2026-03-13T21:08:42.102Z","eventType":"record_updated","message":"ADMIN APROBÓ el registro de 'VICTOR MANUEL HERNANDEZ' del 2/3/2026."}
{"timestamp":"2026-03-13T21:08:44.150Z","eventType":"record_updated","message":"ADMIN APROBÓ el registro de 'MARVIN JOSUE ALVARENGA' del 2/3/2026."}
{"timestamp":"2026-03-13T21:08:45.792Z","eventType":"record_updated","message":"ADMIN APROBÓ el registro de 'JOSUE  DANIEL CHICAS' del 2/3/2026."}
{"timestamp":"2026-03-13T21:08:47.244Z","eventType":"record_updated","message":"ADMIN APROBÓ el registro de 'FIDEL ANGEL MARTINEZ' del 2/3/2026."}
{"timestamp":"2026-03-13T21:08:48.837Z","eventType":"record_updated","message":"ADMIN APROBÓ el registro de 'VICTOR MANUEL HERNANDEZ' del 3/3/2026."}
{"timestamp":"2026-03-13T21:08:52.755Z","eventType":"record_updated","message":"ADMIN APROBÓ el registro de 'RUDY ARTEMYS RIVERA' del 3/3/2026."}
{"timestamp":"2026-03-13T21:08:53.973Z","eventType":"record_updated","message":"ADMIN APROBÓ el registro de 'RONALD ANTONIO GOMEZ' del 3/3/2026."}
{"timestamp":"2026-03-13T21:08:55.512Z","eventType":"record_updated","message":"ADMIN APROBÓ el registro de 'ROBERTO ANTONIO VELIS' del 3/3/2026."}
{"timestamp":"2026-03-13T21:08:59.789Z","eventType":"record_updated","message":"ADMIN APROBÓ el registro de 'MARVIN JOSUE ALVARENGA' del 3/3/2026."}
{"timestamp":"2026-03-13T21:09:01.900Z","eventType":"record_updated","message":"ADMIN APROBÓ el registro de 'JOSUE  DANIEL CHICAS' del 3/3/2026."}
{"timestamp":"2026-03-13T21:09:03.303Z","eventType":"record_updated","message":"ADMIN APROBÓ el registro de 'IVAN ANTONIO ZELAYA' del 3/3/2026."}
{"timestamp":"2026-03-13T21:09:04.965Z","eventType":"record_updated","message":"ADMIN APROBÓ el registro de 'FRANKLIN WILFREDO COREAS' del 3/3/2026."}
{"timestamp":"2026-03-13T21:09:06.247Z","eventType":"record_updated","message":"ADMIN APROBÓ el registro de 'FIDEL ANGEL MARTINEZ' del 3/3/2026."}
{"timestamp":"2026-03-13T21:09:08.113Z","eventType":"record_updated","message":"ADMIN APROBÓ el registro de 'ANDRE DUARTE SOSA' del 3/3/2026."}
{"timestamp":"2026-03-13T21:09:09.248Z","eventType":"record_updated","message":"ADMIN APROBÓ el registro de 'VICTOR MANUEL HERNANDEZ' del 4/3/2026."}
{"timestamp":"2026-03-13T21:09:13.229Z","eventType":"record_updated","message":"ADMIN APROBÓ el registro de 'RUDY ARTEMYS RIVERA' del 4/3/2026."}
{"timestamp":"2026-03-13T21:09:14.455Z","eventType":"record_updated","message":"ADMIN APROBÓ el registro de 'RONALD ANTONIO GOMEZ' del 4/3/2026."}
{"timestamp":"2026-03-13T21:09:16.296Z","eventType":"record_updated","message":"ADMIN APROBÓ el registro de 'MARVIN JOSUE ALVARENGA' del 4/3/2026."}
{"timestamp":"2026-03-13T21:09:17.526Z","eventType":"record_updated","message":"ADMIN APROBÓ el registro de 'JOSUE  DANIEL CHICAS' del 4/3/2026."}
{"timestamp":"2026-03-13T21:09:19.071Z","eventType":"record_updated","message":"ADMIN RECHAZÓ el registro de 'JOSUE  DANIEL CHICAS' del 4/3/2026."}
{"timestamp":"2026-03-13T21:09:21.920Z","eventType":"record_updated","message":"ADMIN APROBÓ el registro de 'JOSUE  DANIEL CHICAS' del 4/3/2026."}
{"timestamp":"2026-03-13T21:09:25.102Z","eventType":"record_updated","message":"ADMIN APROBÓ el registro de 'IVAN ANTONIO ZELAYA' del 4/3/2026."}
{"timestamp":"2026-03-13T21:09:26.331Z","eventType":"record_updated","message":"ADMIN APROBÓ el registro de 'FRANKLIN WILFREDO COREAS' del 4/3/2026."}
{"timestamp":"2026-03-13T21:09:28.158Z","eventType":"record_updated","message":"ADMIN APROBÓ el registro de 'FIDEL ANGEL MARTINEZ' del 4/3/2026."}
{"timestamp":"2026-03-13T21:09:36.427Z","eventType":"record_updated","message":"ADMIN APROBÓ el registro de 'VICTOR MANUEL HERNANDEZ' del 5/3/2026."}
{"timestamp":"2026-03-13T21:09:37.906Z","eventType":"record_updated","message":"ADMIN APROBÓ el registro de 'JUAN EMILIO ULLOA' del 5/3/2026."}
{"timestamp":"2026-03-13T21:09:39.167Z","eventType":"record_updated","message":"ADMIN APROBÓ el registro de 'JUAN EMILIO ULLOA' del 5/3/2026."}
{"timestamp":"2026-03-13T21:09:40.693Z","eventType":"record_updated","message":"ADMIN APROBÓ el registro de 'JOSUE  DANIEL CHICAS' del 5/3/2026."}
{"timestamp":"2026-03-13T21:09:42.026Z","eventType":"record_updated","message":"ADMIN APROBÓ el registro de 'IVAN ANTONIO ZELAYA' del 5/3/2026."}
{"timestamp":"2026-03-13T21:09:45.805Z","eventType":"record_updated","message":"ADMIN APROBÓ el registro de 'FRANKLIN WILFREDO COREAS' del 5/3/2026."}
{"timestamp":"2026-03-13T21:09:47.839Z","eventType":"record_updated","message":"ADMIN APROBÓ el registro de 'VICTOR MANUEL HERNANDEZ' del 6/3/2026."}
{"timestamp":"2026-03-13T21:09:49.051Z","eventType":"record_updated","message":"ADMIN APROBÓ el registro de 'RONALD ANTONIO GOMEZ' del 6/3/2026."}
{"timestamp":"2026-03-13T21:09:50.345Z","eventType":"record_updated","message":"ADMIN APROBÓ el registro de 'MARIO ERNESTO GOMEZ' del 6/3/2026."}
{"timestamp":"2026-03-13T21:09:51.861Z","eventType":"record_updated","message":"ADMIN APROBÓ el registro de 'JOSUE  DANIEL CHICAS' del 6/3/2026."}
{"timestamp":"2026-03-13T21:09:53.526Z","eventType":"record_updated","message":"ADMIN APROBÓ el registro de 'IVAN ANTONIO ZELAYA' del 6/3/2026."}
{"timestamp":"2026-03-13T21:09:57.444Z","eventType":"record_updated","message":"ADMIN APROBÓ el registro de 'GUILLERMO ALEXANDER ZELAYA' del 6/3/2026."}
{"timestamp":"2026-03-13T21:10:01.216Z","eventType":"record_updated","message":"ADMIN APROBÓ el registro de 'FRANKLIN WILFREDO COREAS' del 6/3/2026."}
{"timestamp":"2026-03-13T21:10:02.782Z","eventType":"record_updated","message":"ADMIN APROBÓ el registro de 'FIDEL ANGEL MARTINEZ' del 6/3/2026."}
{"timestamp":"2026-03-13T21:10:04.287Z","eventType":"record_updated","message":"ADMIN APROBÓ el registro de 'FIDEL ANGEL MARTINEZ' del 6/3/2026."}
{"timestamp":"2026-03-13T21:10:05.782Z","eventType":"record_updated","message":"ADMIN APROBÓ el registro de 'VICTOR MANUEL HERNANDEZ' del 7/3/2026."}
{"timestamp":"2026-03-13T21:10:07.120Z","eventType":"record_updated","message":"ADMIN APROBÓ el registro de 'VICTOR MANUEL HERNANDEZ' del 7/3/2026."}
{"timestamp":"2026-03-13T21:10:10.827Z","eventType":"record_updated","message":"ADMIN APROBÓ el registro de 'JOSUE  DANIEL CHICAS' del 7/3/2026."}
{"timestamp":"2026-03-13T21:10:13.030Z","eventType":"record_updated","message":"ADMIN APROBÓ el registro de 'JOSUE  DANIEL CHICAS' del 7/3/2026."}
{"timestamp":"2026-03-13T21:10:14.255Z","eventType":"record_updated","message":"ADMIN APROBÓ el registro de 'GUILLERMO ALEXANDER ZELAYA' del 7/3/2026."}
{"timestamp":"2026-03-13T21:10:15.687Z","eventType":"record_updated","message":"ADMIN APROBÓ el registro de 'WILLIAM ULISES BONILLA' del 8/3/2026."}
{"timestamp":"2026-03-13T21:10:17.130Z","eventType":"record_updated","message":"ADMIN APROBÓ el registro de 'WILLIAM ALEXANDER SEGOVIA' del 8/3/2026."}
{"timestamp":"2026-03-13T21:10:18.761Z","eventType":"record_updated","message":"ADMIN APROBÓ el registro de 'STEVEN EFRAIN MEDRANO' del 8/3/2026."}
{"timestamp":"2026-03-13T21:10:22.242Z","eventType":"record_updated","message":"ADMIN APROBÓ el registro de 'RUDY ARTEMYS RIVERA' del 8/3/2026."}
{"timestamp":"2026-03-13T21:10:25.524Z","eventType":"record_updated","message":"ADMIN APROBÓ el registro de 'ROBERTO ANTONIO VELIS' del 8/3/2026."}
{"timestamp":"2026-03-13T21:10:27.266Z","eventType":"record_updated","message":"ADMIN APROBÓ el registro de 'HENRY ALEXANDER SANTACRUZ' del 8/3/2026."}
{"timestamp":"2026-03-13T21:10:28.563Z","eventType":"record_updated","message":"ADMIN APROBÓ el registro de 'FRANKLIN WILFREDO COREAS' del 8/3/2026."}
{"timestamp":"2026-03-13T21:10:30.223Z","eventType":"record_updated","message":"ADMIN APROBÓ el registro de 'FIDEL ANGEL MARTINEZ' del 8/3/2026."}
{"timestamp":"2026-03-13T21:10:34.325Z","eventType":"record_updated","message":"ADMIN APROBÓ el registro de 'VICTOR MANUEL HERNANDEZ' del 9/3/2026."}
{"timestamp":"2026-03-13T21:10:36.484Z","eventType":"record_updated","message":"ADMIN APROBÓ el registro de 'VICTOR MANUEL HERNANDEZ' del 9/3/2026."}
{"timestamp":"2026-03-13T21:10:38.173Z","eventType":"record_updated","message":"ADMIN APROBÓ el registro de 'RONALD ANTONIO GOMEZ' del 9/3/2026."}
{"timestamp":"2026-03-13T21:10:39.233Z","eventType":"record_updated","message":"ADMIN APROBÓ el registro de 'MARVIN JOSUE ALVARENGA' del 9/3/2026."}
{"timestamp":"2026-03-13T21:10:40.499Z","eventType":"record_updated","message":"ADMIN APROBÓ el registro de 'MARIO ERNESTO GOMEZ' del 9/3/2026."}
{"timestamp":"2026-03-13T21:10:41.901Z","eventType":"record_updated","message":"ADMIN APROBÓ el registro de 'JOSUE  DANIEL CHICAS' del 9/3/2026."}
{"timestamp":"2026-03-13T21:10:43.188Z","eventType":"record_updated","message":"ADMIN APROBÓ el registro de 'IVAN ANTONIO ZELAYA' del 9/3/2026."}
{"timestamp":"2026-03-13T21:10:46.592Z","eventType":"record_updated","message":"ADMIN APROBÓ el registro de 'HENRY ALEXANDER SANTACRUZ' del 9/3/2026."}
{"timestamp":"2026-03-13T21:10:47.957Z","eventType":"record_updated","message":"ADMIN APROBÓ el registro de 'GUILLERMO ALEXANDER ZELAYA' del 9/3/2026."}
{"timestamp":"2026-03-13T21:10:49.474Z","eventType":"record_updated","message":"ADMIN APROBÓ el registro de 'FRANKLIN WILFREDO COREAS' del 9/3/2026."}
{"timestamp":"2026-03-13T21:10:51.099Z","eventType":"record_updated","message":"ADMIN APROBÓ el registro de 'VICTOR MANUEL HERNANDEZ' del 10/3/2026."}
{"timestamp":"2026-03-13T21:10:52.141Z","eventType":"record_updated","message":"ADMIN APROBÓ el registro de 'STEVEN EFRAIN MEDRANO' del 10/3/2026."}
{"timestamp":"2026-03-13T21:10:53.776Z","eventType":"record_updated","message":"ADMIN APROBÓ el registro de 'RUDY ARTEMYS RIVERA' del 10/3/2026."}
{"timestamp":"2026-03-13T21:10:54.984Z","eventType":"record_updated","message":"ADMIN APROBÓ el registro de 'MARVIN JOSUE ALVARENGA' del 10/3/2026."}
{"timestamp":"2026-03-13T21:10:59.273Z","eventType":"record_updated","message":"ADMIN APROBÓ el registro de 'JUAN EMILIO ULLOA' del 10/3/2026."}
{"timestamp":"2026-03-13T21:11:00.765Z","eventType":"record_updated","message":"ADMIN APROBÓ el registro de 'JUAN EMILIO ULLOA' del 10/3/2026."}
{"timestamp":"2026-03-13T21:11:02.397Z","eventType":"record_updated","message":"ADMIN APROBÓ el registro de 'JOSUE  DANIEL CHICAS' del 10/3/2026."}
{"timestamp":"2026-03-13T21:11:03.881Z","eventType":"record_updated","message":"ADMIN APROBÓ el registro de 'HENRY ALEXANDER SANTACRUZ' del 10/3/2026."}
{"timestamp":"2026-03-13T21:11:05.056Z","eventType":"record_updated","message":"ADMIN APROBÓ el registro de 'FERNANDO JAVIER SORTO' del 10/3/2026."}
{"timestamp":"2026-03-13T21:11:07.075Z","eventType":"record_updated","message":"ADMIN APROBÓ el registro de 'ANDRE DUARTE SOSA' del 10/3/2026."}
{"timestamp":"2026-03-13T21:11:10.841Z","eventType":"record_updated","message":"ADMIN APROBÓ el registro de 'VICTOR MANUEL HERNANDEZ' del 11/3/2026."}
{"timestamp":"2026-03-13T21:11:12.207Z","eventType":"record_updated","message":"ADMIN APROBÓ el registro de 'MARIO ERNESTO GOMEZ' del 11/3/2026."}
{"timestamp":"2026-03-13T21:11:13.291Z","eventType":"record_updated","message":"ADMIN APROBÓ el registro de 'HENRY ALEXANDER SANTACRUZ' del 11/3/2026."}
{"timestamp":"2026-03-13T21:11:14.545Z","eventType":"record_updated","message":"ADMIN APROBÓ el registro de 'GUILLERMO ALEXANDER ZELAYA' del 11/3/2026."}
{"timestamp":"2026-03-13T21:11:16.301Z","eventType":"record_updated","message":"ADMIN APROBÓ el registro de 'VICTOR MANUEL HERNANDEZ' del 12/3/2026."}
{"timestamp":"2026-03-13T21:11:17.253Z","eventType":"record_updated","message":"ADMIN APROBÓ el registro de 'IVAN ANTONIO ZELAYA' del 12/3/2026."}
{"timestamp":"2026-03-13T21:11:18.766Z","eventType":"record_updated","message":"ADMIN APROBÓ el registro de 'HENRY ALEXANDER SANTACRUZ' del 12/3/2026."}
{"timestamp":"2026-03-13T21:11:24.195Z","eventType":"record_updated","message":"ADMIN APROBÓ el registro de 'FRANKLIN WILFREDO COREAS' del 12/3/2026."}
{"timestamp":"2026-03-13T21:11:25.251Z","eventType":"record_updated","message":"ADMIN APROBÓ el registro de 'VICTOR MANUEL HERNANDEZ' del 13/3/2026."}
{"timestamp":"2026-03-13T21:15:44.523Z","eventType":"employee_updated","message":"EMPLEADO ACTUALIZADO: '[42] ANDRE DUARTE SOSA'. Cambios: Salario a $420."}
{"timestamp":"2026-03-13T21:19:02.858Z","eventType":"employee_updated","message":"EMPLEADO ACTUALIZADO: '[21] JOSE EVELIO RAMIREZ'. Cambios: Salario a $408.8."}
{"timestamp":"2026-03-13T21:19:46.796Z","eventType":"employee_updated","message":"EMPLEADO ACTUALIZADO: '[33] JOSUE DANIEL SOSA'. Cambios: Salario a $600."}
{"timestamp":"2026-03-13T21:20:45.685Z","eventType":"employee_updated","message":"EMPLEADO ACTUALIZADO: '[25] WILLIAM ALEXANDER SEGOVIA'. Cambios: Salario a $408.8."}
{"timestamp":"2026-03-13T21:21:20.934Z","eventType":"employee_updated","message":"EMPLEADO ACTUALIZADO: '[30] DOUGLAS ENRIQUE ARGUETA'. Cambios: Salario a $450."}
{"timestamp":"2026-03-13T21:22:03.713Z","eventType":"employee_updated","message":"EMPLEADO ACTUALIZADO: '[34] KEVIN ANTONIO MUNTO'. Cambios: Salario a $425."}
{"timestamp":"2026-03-13T21:29:36.063Z","eventType":"employee_updated","message":"EMPLEADO ACTUALIZADO: '[42] ANDRE DUARTE SOSA'. Cambios: Salario a $450."}
{"timestamp":"2026-03-13T21:47:05.725Z","eventType":"record_updated","message":"ADMIN ACTUALIZÓ registro de 'ANDRE DUARTE SOSA' (8/3/2026)."}
{"timestamp":"2026-03-13T21:55:53.221Z","eventType":"record_updated","message":"ADMIN ACTUALIZÓ registro de 'HENRY ALEXANDER SANTACRUZ' (12/3/2026)."}
{"timestamp":"2026-03-13T21:56:08.434Z","eventType":"record_updated","message":"ADMIN ACTUALIZÓ registro de 'HENRY ALEXANDER SANTACRUZ' (12/3/2026)."}
{"timestamp":"2026-03-13T21:56:19.700Z","eventType":"record_updated","message":"ADMIN ACTUALIZÓ registro de 'HENRY ALEXANDER SANTACRUZ' (11/3/2026)."}
{"timestamp":"2026-03-13T21:56:56.360Z","eventType":"record_updated","message":"ADMIN ACTUALIZÓ registro de 'HENRY ALEXANDER SANTACRUZ' (10/3/2026)."}
{"timestamp":"2026-03-13T21:57:04.533Z","eventType":"record_updated","message":"ADMIN ACTUALIZÓ registro de 'HENRY ALEXANDER SANTACRUZ' (9/3/2026)."}
{"timestamp":"2026-03-13T21:58:00.358Z","eventType":"record_updated","message":"ADMIN ACTUALIZÓ registro de 'STEVEN EFRAIN MEDRANO' (8/3/2026)."}
{"timestamp":"2026-03-13T21:58:17.133Z","eventType":"record_updated","message":"ADMIN ACTUALIZÓ registro de 'WILLIAM ALEXANDER SEGOVIA' (8/3/2026)."}
{"timestamp":"2026-03-13T21:58:38.477Z","eventType":"record_updated","message":"ADMIN ACTUALIZÓ registro de 'WILLIAM ULISES BONILLA' (8/3/2026)."}
{"timestamp":"2026-03-13T21:58:51.699Z","eventType":"record_updated","message":"ADMIN ACTUALIZÓ registro de 'FERNANDO JAVIER SORTO' (10/3/2026)."}
{"timestamp":"2026-03-13T21:59:05.284Z","eventType":"record_updated","message":"ADMIN ACTUALIZÓ registro de 'FERNANDO JAVIER SORTO' (10/3/2026)."}
{"timestamp":"2026-03-13T21:59:33.885Z","eventType":"record_updated","message":"ADMIN ACTUALIZÓ registro de 'ROBERTO ANTONIO VELIS' (8/3/2026)."}
{"timestamp":"2026-03-13T22:00:32.821Z","eventType":"record_updated","message":"ADMIN ACTUALIZÓ registro de 'RUDY ARTEMYS RIVERA' (8/3/2026)."}
{"timestamp":"2026-03-13T22:23:29.243Z","eventType":"employee_login","message":"El empleado 'MARVIN JOSUE ALVARENGA' ha iniciado sesión."}
{"timestamp":"2026-03-13T22:25:44.999Z","eventType":"record_created","message":"EL EMPLEADO 'MARVIN JOSUE ALVARENGA' registró Horas Extra para el 12/3/2026. Actividad: Tendido de F.O y fucion villa panamerica . Total: 3 hrs."}
{"timestamp":"2026-03-13T22:53:48.814Z","eventType":"record_updated","message":"ADMIN ACTUALIZÓ registro de 'JOSE GUILLERMO HENRIQUEZ' (1/3/2026)."}
{"timestamp":"2026-03-13T22:55:40.244Z","eventType":"record_updated","message":"ADMIN ACTUALIZÓ registro de 'ROBERTO ANTONIO VELIS' (8/3/2026)."}
{"timestamp":"2026-03-13T22:56:11.651Z","eventType":"record_updated","message":"ADMIN ACTUALIZÓ registro de 'ROBERTO ANTONIO VELIS' (8/3/2026)."}
{"timestamp":"2026-03-13T23:07:47.272Z","eventType":"employee_login","message":"El empleado 'ROBERTO ANTONIO VELIS' ha iniciado sesión."}
{"timestamp":"2026-03-13T23:09:12.245Z","eventType":"record_created","message":"EL EMPLEADO 'ROBERTO ANTONIO VELIS' registró Horas Extra para el 10/3/2026. Actividad: ACTIVIDAD EN GARDEN MALL EN CONMEMORACION DEL DIA DE LA MUJER.\n\nTuvimos problemas con la computadora que se quedaba corta de espacio y problemas en meta business para subir las fotos.. Total: 5 hrs."}
{"timestamp":"2026-03-13T23:59:28.358Z","eventType":"employee_login","message":"El empleado 'RONALD ANTONIO GOMEZ' ha iniciado sesión."}
{"timestamp":"2026-03-14T00:02:59.236Z","eventType":"record_created","message":"EL EMPLEADO 'RONALD ANTONIO GOMEZ' registró Horas Extra para el 12/3/2026. Actividad: Tendido de f.O Lorena Villa panamericana . Total: 3 hrs."}
{"timestamp":"2026-03-14T00:31:54.271Z","eventType":"employee_login","message":"El empleado 'JOSE GUILLERMO HENRIQUEZ' ha iniciado sesión."}
{"timestamp":"2026-03-14T00:33:00.366Z","eventType":"record_created","message":"EL EMPLEADO 'JOSE GUILLERMO HENRIQUEZ' registró Horas Extra para el 13/3/2026. Actividad: Medición de ufinet . Total: 1.5 hrs."}
{"timestamp":"2026-03-14T01:06:03.453Z","eventType":"employee_login","message":"El empleado 'MARVIN JOSUE ALVARENGA' ha iniciado sesión."}
{"timestamp":"2026-03-14T01:06:10.028Z","eventType":"employee_login","message":"El empleado 'FIDEL ANGEL MARTINEZ' ha iniciado sesión."}
{"timestamp":"2026-03-14T01:06:50.610Z","eventType":"record_created","message":"EL EMPLEADO 'FIDEL ANGEL MARTINEZ' registró Horas Extra para el 13/3/2026. Actividad: San Salvador . Total: 3 hrs."}
{"timestamp":"2026-03-14T01:06:53.823Z","eventType":"record_created","message":"EL EMPLEADO 'MARVIN JOSUE ALVARENGA' registró Horas Extra para el 13/3/2026. Actividad: San salvador. Total: 3 hrs."}
{"timestamp":"2026-03-14T01:07:14.946Z","eventType":"record_created","message":"EL EMPLEADO 'FIDEL ANGEL MARTINEZ' registró Horas Extra para el 13/3/2026. Actividad: San salvador . Total: 2 hrs."}
{"timestamp":"2026-03-14T01:07:19.428Z","eventType":"record_created","message":"EL EMPLEADO 'MARVIN JOSUE ALVARENGA' registró Horas Extra para el 13/3/2026. Actividad: San salvador. Total: 2 hrs."}
{"timestamp":"2026-03-14T01:10:09.629Z","eventType":"employee_login","message":"El empleado 'EDWIN ALEXANDER PALACIOS' ha iniciado sesión."}
{"timestamp":"2026-03-14T01:13:42.382Z","eventType":"record_created","message":"EL EMPLEADO 'EDWIN ALEXANDER PALACIOS' registró Horas Extra para el 8/3/2026. Actividad: By-pass Usulutan. Total: 5 hrs."}
{"timestamp":"2026-03-14T01:17:19.139Z","eventType":"record_created","message":"EL EMPLEADO 'EDWIN ALEXANDER PALACIOS' registró Horas Extra para el 7/3/2026. Actividad: Partido de la liga española. Total: 2 hrs."}
{"timestamp":"2026-03-14T03:34:10.732Z","eventType":"admin_login","message":"El Administrador ha iniciado sesión."}
{"timestamp":"2026-03-14T04:11:01.952Z","eventType":"admin_login","message":"El Administrador ha iniciado sesión."}
{"timestamp":"2026-03-14T04:11:25.615Z","eventType":"employee_updated","message":"EMPLEADO ACTUALIZADO: '[38] JAIRO GUEVARA'. Cambios: PIN cambiado."}
{"timestamp":"2026-03-14T04:11:25.744Z","eventType":"employee_updated","message":"El Administrador cambió el PIN de 'JAIRO GUEVARA'."}
{"timestamp":"2026-03-14T04:11:46.780Z","eventType":"employee_login","message":"El empleado 'JAIRO GUEVARA' ha iniciado sesión."}
{"timestamp":"2026-03-14T04:49:55.669Z","eventType":"record_created","message":"EL EMPLEADO 'JOSUE  DANIEL CHICAS' registró Horas Extra para el 11/3/2026. Actividad: creación de ruta. Total: 1 hrs."}
{"timestamp":"2026-03-14T04:50:36.017Z","eventType":"record_created","message":"EL EMPLEADO 'JOSUE  DANIEL CHICAS' registró Horas Extra para el 12/3/2026. Actividad: soporte cliente y creación ruta. Total: 1.5 hrs."}
{"timestamp":"2026-03-14T04:51:04.849Z","eventType":"record_created","message":"EL EMPLEADO 'JOSUE  DANIEL CHICAS' registró Horas Extra para el 13/3/2026. Actividad: creación ruta. Total: 1 hrs."}
{"timestamp":"2026-03-14T04:51:47.012Z","eventType":"employee_login","message":"El empleado 'FRANKLIN WILFREDO COREAS' ha iniciado sesión."}
{"timestamp":"2026-03-14T04:53:00.944Z","eventType":"record_created","message":"EL EMPLEADO 'FRANKLIN WILFREDO COREAS' registró Horas Extra para el 13/3/2026. Actividad: Corte F.O Torre España. Total: 6 hrs."}
{"timestamp":"2026-03-14T04:53:56.566Z","eventType":"record_created","message":"EL EMPLEADO 'IVAN ANTONIO ZELAYA' registró Horas Extra para el 13/3/2026. Actividad: Enlace TVO y corte Torre La España. Total: 6 hrs."}
{"timestamp":"2026-03-14T04:54:21.706Z","eventType":"employee_login","message":"El empleado 'RONALD ANTONIO GOMEZ' ha iniciado sesión."}
{"timestamp":"2026-03-14T04:56:33.569Z","eventType":"record_created","message":"EL EMPLEADO 'RONALD ANTONIO GOMEZ' registró Horas Extra para el 13/3/2026. Actividad: Corte F.O nodo la España . Total: 6 hrs."}
{"timestamp":"2026-03-14T12:35:46.099Z","eventType":"record_created","message":"EL EMPLEADO 'VICTOR MANUEL HERNANDEZ' registró Horas Extra para el 14/3/2026. Actividad: APERTURA NOC. Total: 2 hrs."}
{"timestamp":"2026-03-14T12:36:07.801Z","eventType":"employee_login","message":"El empleado 'HENRY ALEXANDER SANTACRUZ' ha iniciado sesión."}
{"timestamp":"2026-03-14T12:36:20.884Z","eventType":"record_created","message":"EL EMPLEADO 'VICTOR MANUEL HERNANDEZ' registró Horas Extra para el 14/3/2026. Actividad: aPERTURA NOC. Total: 2 hrs."}
{"timestamp":"2026-03-14T12:37:44.323Z","eventType":"employee_login","message":"El empleado 'HENRY ALEXANDER SANTACRUZ' ha iniciado sesión."}
{"timestamp":"2026-03-14T12:38:39.234Z","eventType":"record_created","message":"EL EMPLEADO 'HENRY ALEXANDER SANTACRUZ' registró Horas Extra para el 14/3/2026. Actividad: Cubriendo turno de lino por salida a san salvador . Total: 8 hrs."}
{"timestamp":"2026-03-14T12:39:20.990Z","eventType":"employee_login","message":"El empleado 'HENRY ALEXANDER SANTACRUZ' ha iniciado sesión."}
{"timestamp":"2026-03-14T12:48:37.954Z","eventType":"employee_login","message":"El empleado 'MARIO ERNESTO GOMEZ' ha iniciado sesión."}
{"timestamp":"2026-03-14T12:50:31.853Z","eventType":"record_created","message":"EL EMPLEADO 'MARIO ERNESTO GOMEZ' registró Horas Extra para el 13/3/2026. Actividad: Corte de fibra en la España . Total: 6 hrs."}
{"timestamp":"2026-03-14T14:11:57.316Z","eventType":"employee_login","message":"El empleado 'JAIRO GUEVARA' ha iniciado sesión."}
{"timestamp":"2026-03-14T14:12:14.823Z","eventType":"admin_login","message":"El Administrador ha iniciado sesión."}
{"timestamp":"2026-03-14T14:14:41.880Z","eventType":"employee_login","message":"El empleado 'JAIRO GUEVARA' ha iniciado sesión."}
{"timestamp":"2026-03-14T14:17:34.549Z","eventType":"admin_login","message":"El Administrador ha iniciado sesión."}
{"timestamp":"2026-03-14T14:31:10.298Z","eventType":"record_deleted","message":"ADMIN ELIMINÓ registro de 'VICTOR MANUEL HERNANDEZ' del 14/3/2026."}
{"timestamp":"2026-03-14T14:42:21.776Z","eventType":"admin_login","message":"El Administrador ha iniciado sesión."}
{"timestamp":"2026-03-14T15:37:13.179Z","eventType":"employee_login","message":"El empleado 'JAIRO GUEVARA' ha iniciado sesión."}
{"timestamp":"2026-03-14T15:37:35.211Z","eventType":"admin_login","message":"El Administrador ha iniciado sesión."}
{"timestamp":"2026-03-14T18:52:30.049Z","eventType":"employee_login","message":"El empleado 'ANDRE DUARTE SOSA' ha iniciado sesión."}
{"timestamp":"2026-03-14T22:08:51.558Z","eventType":"employee_login","message":"El empleado 'WILLIAM ALEXANDER SEGOVIA' ha iniciado sesión."}
{"timestamp":"2026-03-14T22:09:46.422Z","eventType":"record_created","message":"EL EMPLEADO 'WILLIAM ALEXANDER SEGOVIA' registró Horas Extra para el 14/3/2026. Actividad: Ir a ver la torre de santa clara . Total: 2 hrs."}
{"timestamp":"2026-03-14T22:18:25.674Z","eventType":"employee_login","message":"El empleado 'EDWIN ALEXANDER PALACIOS' ha iniciado sesión."}
{"timestamp":"2026-03-15T03:10:35.264Z","eventType":"employee_login","message":"El empleado 'JOSE GUILLERMO HENRIQUEZ' ha iniciado sesión."}
{"timestamp":"2026-03-15T03:12:20.031Z","eventType":"record_created","message":"EL EMPLEADO 'JOSE GUILLERMO HENRIQUEZ' registró Horas Extra para el 14/3/2026. Actividad: Verificación problema en torre santa clara . Total: 2 hrs."}
{"timestamp":"2026-03-15T17:56:52.597Z","eventType":"employee_login","message":"El empleado 'MARVIN JOSUE ALVARENGA' ha iniciado sesión."}
{"timestamp":"2026-03-15T17:58:15.972Z","eventType":"record_created","message":"EL EMPLEADO 'MARVIN JOSUE ALVARENGA' registró Horas Extra para el 15/3/2026. Actividad: Reparación santa clara usulutan . Total: 6 hrs."}
{"timestamp":"2026-03-15T20:01:26.995Z","eventType":"employee_login","message":"El empleado 'JOSE GUILLERMO HENRIQUEZ' ha iniciado sesión."}
{"timestamp":"2026-03-15T20:02:08.349Z","eventType":"employee_login","message":"El empleado 'JOSE GUILLERMO HENRIQUEZ' ha iniciado sesión."}
{"timestamp":"2026-03-15T20:03:17.241Z","eventType":"record_created","message":"EL EMPLEADO 'JOSE GUILLERMO HENRIQUEZ' registró Horas Extra para el 15/3/2026. Actividad: Levantamiento de torre santa clara . Total: 3 hrs."}
{"timestamp":"2026-03-15T22:23:45.967Z","eventType":"admin_login","message":"El Administrador ha iniciado sesión."}
{"timestamp":"2026-03-16T00:38:38.103Z","eventType":"employee_login","message":"El empleado 'MARIO ERNESTO GOMEZ' ha iniciado sesión."}
{"timestamp":"2026-03-16T13:07:57.664Z","eventType":"employee_login","message":"El empleado 'FIDEL ANGEL MARTINEZ' ha iniciado sesión."}
{"timestamp":"2026-03-16T13:08:25.969Z","eventType":"record_created","message":"EL EMPLEADO 'VICTOR MANUEL HERNANDEZ' registró Horas Extra para el 16/3/2026. Actividad: apertura noc. Total: 2 hrs."}
{"timestamp":"2026-03-16T13:09:34.074Z","eventType":"record_created","message":"EL EMPLEADO 'FIDEL ANGEL MARTINEZ' registró Horas Extra para el 15/3/2026. Actividad: Reparación fibra y cable eléctrico en santa clara usulutan . Total: 6 hrs."}
{"timestamp":"2026-03-16T14:21:32.651Z","eventType":"employee_login","message":"El empleado 'ANDRE DUARTE SOSA' ha iniciado sesión."}
{"timestamp":"2026-03-16T14:23:06.063Z","eventType":"record_created","message":"EL EMPLEADO 'ANDRE DUARTE SOSA' registró Horas Extra para el 15/3/2026. Actividad: Toma de fotografias, desfiles de carrozas fiestas patronales Obrajuelo, Quelepa, San Miguel. Total: 4.5 hrs."}
{"timestamp":"2026-03-16T15:09:04.128Z","eventType":"admin_login","message":"El Administrador ha iniciado sesión."}
{"timestamp":"2026-03-16T15:09:47.120Z","eventType":"employee_created","message":"NUEVO EMPLEADO: Se creó a '[43] ROSA DE LA PAZ CALIX' asignado a la sucursal 'SAN MIGUEL' con un salario de $450."}
{"timestamp":"2026-03-16T15:14:36.724Z","eventType":"employee_login","message":"El empleado 'ROSA DE LA PAZ CALIX' ha iniciado sesión."}
{"timestamp":"2026-03-16T15:15:47.638Z","eventType":"record_created","message":"EL EMPLEADO 'ROSA DE LA PAZ CALIX' registró Horas Extra para el 16/3/2026. Actividad: Noc, atención al cliente y soporte . Total: 8 hrs."}
{"timestamp":"2026-03-16T16:15:17.104Z","eventType":"employee_login","message":"El empleado 'JAIRO GUEVARA' ha iniciado sesión."}
{"timestamp":"2026-03-16T21:06:51.573Z","eventType":"employee_login","message":"El empleado 'HENRY ALEXANDER SANTACRUZ' ha iniciado sesión."}
{"timestamp":"2026-03-16T21:09:13.067Z","eventType":"record_created","message":"EL EMPLEADO 'HENRY ALEXANDER SANTACRUZ' registró Horas Extra para el 14/3/2026. Actividad: Se cubrió turno de e lino. Total: 10 hrs."}
{"timestamp":"2026-03-16T21:25:50.919Z","eventType":"employee_login","message":"El empleado 'MARIO ERNESTO GOMEZ' ha iniciado sesión."}
{"timestamp":"2026-03-17T00:02:35.775Z","eventType":"employee_login","message":"El empleado 'RONALD ANTONIO GOMEZ' ha iniciado sesión."}
{"timestamp":"2026-03-17T00:04:08.142Z","eventType":"record_created","message":"EL EMPLEADO 'RONALD ANTONIO GOMEZ' registró Horas Extra para el 16/3/2026. Actividad: Soporte técnico . Total: 1 hrs."}
{"timestamp":"2026-03-17T00:08:37.255Z","eventType":"record_created","message":"EL EMPLEADO 'GUILLERMO ALEXANDER ZELAYA' registró Horas Extra para el 16/3/2026. Actividad: Soporte Técnico . Total: 1 hrs."}
{"timestamp":"2026-03-17T00:14:06.578Z","eventType":"employee_login","message":"El empleado 'JUAN EMILIO ULLOA' ha iniciado sesión."}
{"timestamp":"2026-03-17T12:21:11.569Z","eventType":"employee_login","message":"El empleado 'VICTOR MANUEL HERNANDEZ' ha iniciado sesión."}
{"timestamp":"2026-03-17T12:21:45.031Z","eventType":"record_created","message":"EL EMPLEADO 'VICTOR MANUEL HERNANDEZ' registró Horas Extra para el 17/3/2026. Actividad: Apertura NOC. Total: 2 hrs."}
{"timestamp":"2026-03-17T19:16:36.816Z","eventType":"admin_login","message":"El Administrador ha iniciado sesión."}
{"timestamp":"2026-03-17T23:16:25.770Z","eventType":"record_created","message":"EL EMPLEADO 'IVAN ANTONIO ZELAYA' registró Horas Extra para el 16/3/2026. Actividad: Cambio panel A4 torre villa panamericana. Total: 0.5 hrs."}
{"timestamp":"2026-03-17T23:17:44.010Z","eventType":"employee_login","message":"El empleado 'MARIO ERNESTO GOMEZ' ha iniciado sesión."}
{"timestamp":"2026-03-17T23:17:59.982Z","eventType":"record_created","message":"EL EMPLEADO 'IVAN ANTONIO ZELAYA' registró Horas Extra para el 17/3/2026. Actividad: Levantamiento pon gueguecho san antonio. Total: 0.5 hrs."}
{"timestamp":"2026-03-17T23:20:16.213Z","eventType":"record_created","message":"EL EMPLEADO 'MARIO ERNESTO GOMEZ' registró Horas Extra para el 17/3/2026. Actividad: Levantamiento pon wewecho san antinio. Total: 0.5 hrs."}
{"timestamp":"2026-03-17T23:20:32.494Z","eventType":"employee_login","message":"El empleado 'MARVIN JOSUE ALVARENGA' ha iniciado sesión."}
{"timestamp":"2026-03-17T23:22:04.083Z","eventType":"record_created","message":"EL EMPLEADO 'MARVIN JOSUE ALVARENGA' registró Horas Extra para el 17/3/2026. Actividad: Levantamiento pon gueguecho san antonio. Total: 0.5 hrs."}
{"timestamp":"2026-03-18T14:04:42.680Z","eventType":"employee_login","message":"El empleado 'ANDRE DUARTE SOSA' ha iniciado sesión."}
{"timestamp":"2026-03-18T14:07:22.189Z","eventType":"record_created","message":"EL EMPLEADO 'ANDRE DUARTE SOSA' registró Horas Extra para el 17/3/2026. Actividad: Entreno Garden Mall, toma de fotografia y subir a redes sociales . Total: 3 hrs."}
{"timestamp":"2026-03-18T22:42:09.503Z","eventType":"employee_login","message":"El empleado 'FREDY ALBERTO VASQUEZ' ha iniciado sesión."}
{"timestamp":"2026-03-18T22:46:34.218Z","eventType":"record_created","message":"EL EMPLEADO 'FREDY ALBERTO VASQUEZ' registró Horas Extra para el 16/3/2026. Actividad: Llevar carro suzuki al mecánico (mantenimiento de frenos). Total: 2 hrs."}
{"timestamp":"2026-03-18T23:53:53.210Z","eventType":"record_created","message":"EL EMPLEADO 'IVAN ANTONIO ZELAYA' registró Horas Extra para el 18/3/2026. Actividad: Tendido f.o pon San Antonio Gueguecho. Total: 1 hrs."}
{"timestamp":"2026-03-18T23:54:48.670Z","eventType":"record_created","message":"EL EMPLEADO 'MARVIN JOSUE ALVARENGA' registró Horas Extra para el 18/3/2026. Actividad: Tendido F.O pon gueguecho san Antonio . Total: 1 hrs."}
{"timestamp":"2026-03-18T23:55:12.303Z","eventType":"record_created","message":"EL EMPLEADO 'RONALD ANTONIO GOMEZ' registró Horas Extra para el 18/3/2026. Actividad: Tendido de F.O pon gueguecho san Antonio . Total: 1 hrs."}
{"timestamp":"2026-03-18T23:55:36.686Z","eventType":"record_created","message":"EL EMPLEADO 'GUILLERMO ALEXANDER ZELAYA' registró Horas Extra para el 18/3/2026. Actividad: Soporte Técnico . Total: 0.5 hrs."}
{"timestamp":"2026-03-18T23:57:38.648Z","eventType":"record_created","message":"EL EMPLEADO 'MARVIN JOSUE ALVARENGA' registró Horas Extra para el 17/3/2026. Actividad: Colocación piso Flynet . Total: 5 hrs."}
{"timestamp":"2026-03-19T12:19:31.039Z","eventType":"record_created","message":"EL EMPLEADO 'VICTOR MANUEL HERNANDEZ' registró Horas Extra para el 18/3/2026. Actividad: Apertura NOC. Total: 2 hrs."}
{"timestamp":"2026-03-19T12:21:08.697Z","eventType":"record_created","message":"EL EMPLEADO 'VICTOR MANUEL HERNANDEZ' registró Horas Extra para el 19/3/2026. Actividad: Apertura NOC. Total: 2 hrs."}
{"timestamp":"2026-03-19T13:10:05.625Z","eventType":"employee_login","message":"El empleado 'FIDEL ANGEL MARTINEZ' ha iniciado sesión."}
{"timestamp":"2026-03-19T13:10:50.275Z","eventType":"record_created","message":"EL EMPLEADO 'FIDEL ANGEL MARTINEZ' registró Horas Extra para el 17/3/2026. Actividad: Pegando piso pvc. Total: 5.5 hrs."}
{"timestamp":"2026-03-19T13:11:26.113Z","eventType":"record_created","message":"EL EMPLEADO 'FIDEL ANGEL MARTINEZ' registró Horas Extra para el 18/3/2026. Actividad: Pegando piso pvc. Total: 5 hrs."}
{"timestamp":"2026-03-19T14:00:15.847Z","eventType":"employee_login","message":"El empleado 'JAVIER ARMANDO PORTILLO' ha iniciado sesión."}
{"timestamp":"2026-03-19T14:03:16.116Z","eventType":"record_created","message":"EL EMPLEADO 'JAVIER ARMANDO PORTILLO' registró Horas Extra para el 18/3/2026. Actividad: Pon sanantonio . Total: 1 hrs."}
{"timestamp":"2026-03-20T00:11:35.238Z","eventType":"employee_login","message":"El empleado 'MARVIN JOSUE ALVARENGA' ha iniciado sesión."}
{"timestamp":"2026-03-20T00:12:26.657Z","eventType":"record_created","message":"EL EMPLEADO 'MARVIN JOSUE ALVARENGA' registró Horas Extra para el 18/3/2026. Actividad: Colocación piso flynet. Total: 5 hrs."}
{"timestamp":"2026-03-20T01:58:37.515Z","eventType":"employee_login","message":"El empleado 'MARVIN JOSUE ALVARENGA' ha iniciado sesión."}
{"timestamp":"2026-03-20T01:59:55.798Z","eventType":"record_created","message":"EL EMPLEADO 'IVAN ANTONIO ZELAYA' registró Horas Extra para el 19/3/2026. Actividad: Corte cliente salnet, electrónica 2001. Total: 3 hrs."}
{"timestamp":"2026-03-20T02:00:08.394Z","eventType":"record_created","message":"EL EMPLEADO 'MARVIN JOSUE ALVARENGA' registró Horas Extra para el 19/3/2026. Actividad: Corte cliente salnet electrónica 2001. Total: 3 hrs."}
{"timestamp":"2026-03-20T16:32:39.619Z","eventType":"employee_login","message":"El empleado 'RONALD ANTONIO GOMEZ' ha iniciado sesión."}
{"timestamp":"2026-03-20T16:36:06.429Z","eventType":"record_created","message":"EL EMPLEADO 'RONALD ANTONIO GOMEZ' registró Horas Extra para el 19/3/2026. Actividad: Cliente salnet , la 2001 . Total: 3 hrs."}
{"timestamp":"2026-03-20T17:43:52.206Z","eventType":"record_created","message":"EL EMPLEADO 'VICTOR MANUEL HERNANDEZ' registró Horas Extra para el 20/3/2026. Actividad: APERTURA NOC. Total: 2 hrs."}
{"timestamp":"2026-03-20T22:30:10.316Z","eventType":"employee_login","message":"El empleado 'MARIO ERNESTO GOMEZ' ha iniciado sesión."}
{"timestamp":"2026-03-21T01:19:06.655Z","eventType":"record_created","message":"EL EMPLEADO 'RUDY ARTEMYS RIVERA' registró Horas Extra para el 17/3/2026. Actividad: Entreno runners. Total: 4 hrs."}
{"timestamp":"2026-03-21T01:20:11.133Z","eventType":"record_created","message":"EL EMPLEADO 'RUDY ARTEMYS RIVERA' registró Horas Extra para el 15/3/2026. Actividad: Desfile de carrozas . Total: 4 hrs."}
{"timestamp":"2026-03-21T01:20:42.261Z","eventType":"record_created","message":"EL EMPLEADO 'RUDY ARTEMYS RIVERA' registró Horas Extra para el 19/3/2026. Actividad: Ida a usulutan. Total: 1 hrs."}
{"timestamp":"2026-03-21T01:21:22.591Z","eventType":"record_created","message":"EL EMPLEADO 'RUDY ARTEMYS RIVERA' registró Horas Extra para el 14/3/2026. Actividad: Reunión con chinos. Total: 2 hrs."}
{"timestamp":"2026-03-21T01:43:29.920Z","eventType":"employee_login","message":"El empleado 'MARIO ERNESTO GOMEZ' ha iniciado sesión."}
{"timestamp":"2026-03-21T01:45:09.658Z","eventType":"record_created","message":"EL EMPLEADO 'MARIO ERNESTO GOMEZ' registró Horas Extra para el 20/3/2026. Actividad: Cliente salnet corte F.O la 2001. Total: 3 hrs."}
{"timestamp":"2026-03-21T01:48:12.335Z","eventType":"record_created","message":"EL EMPLEADO 'RONALD ANTONIO GOMEZ' registró Horas Extra para el 20/3/2026. Actividad: Corte de F.O Electrica 2001. Total: 0.5 hrs."}
{"timestamp":"2026-03-21T01:48:26.876Z","eventType":"record_created","message":"EL EMPLEADO 'MARIO ERNESTO GOMEZ' registró Horas Extra para el 20/3/2026. Actividad: Corte de F.O de alcaldia a monte grande . Total: 3 hrs."}
{"timestamp":"2026-03-21T01:49:44.095Z","eventType":"record_created","message":"EL EMPLEADO 'RONALD ANTONIO GOMEZ' registró Horas Extra para el 20/3/2026. Actividad: Corte de f.O de alcaldía a Monte Grande . Total: 3 hrs."}
{"timestamp":"2026-03-21T13:41:14.589Z","eventType":"employee_login","message":"El empleado 'EDWIN ALEXANDER PALACIOS' ha iniciado sesión."}
{"timestamp":"2026-03-21T13:44:34.907Z","eventType":"record_created","message":"EL EMPLEADO 'EDWIN ALEXANDER PALACIOS' registró Horas Extra para el 14/3/2026. Actividad: Entrega de kit Liga punk running Santa ana. Total: 2 hrs."}
{"timestamp":"2026-03-21T13:46:56.671Z","eventType":"record_created","message":"EL EMPLEADO 'EDWIN ALEXANDER PALACIOS' registró Horas Extra para el 15/3/2026. Actividad: Liga pink running Santa Ana. Total: 6 hrs."}
{"timestamp":"2026-03-21T13:48:10.152Z","eventType":"record_created","message":"EL EMPLEADO 'EDWIN ALEXANDER PALACIOS' registró Horas Extra para el 20/3/2026. Actividad: Cambio de Switch y cambio de receptores satelitales en rack . Total: 3 hrs."}
{"timestamp":"2026-03-21T13:55:32.338Z","eventType":"employee_login","message":"El empleado 'EDWIN ALEXANDER PALACIOS' ha iniciado sesión."}
{"timestamp":"2026-03-21T13:57:38.899Z","eventType":"employee_login","message":"El empleado 'MARVIN JOSUE ALVARENGA' ha iniciado sesión."}
{"timestamp":"2026-03-21T14:00:00.216Z","eventType":"record_created","message":"EL EMPLEADO 'MARVIN JOSUE ALVARENGA' registró Horas Extra para el 20/3/2026. Actividad: Capacitación San Salvador . Total: 4.5 hrs."}
{"timestamp":"2026-03-21T16:04:52.609Z","eventType":"admin_login","message":"El Administrador ha iniciado sesión."}
{"timestamp":"2026-03-21T16:08:37.768Z","eventType":"record_updated","message":"ADMIN ACTUALIZÓ registro de 'HENRY ALEXANDER SANTACRUZ' (14/3/2026)."}
{"timestamp":"2026-03-21T16:08:58.334Z","eventType":"record_updated","message":"ADMIN APROBÓ el registro de 'HENRY ALEXANDER SANTACRUZ' del 14/3/2026."}
{"timestamp":"2026-03-21T16:09:01.618Z","eventType":"record_updated","message":"ADMIN ACTUALIZÓ registro de 'HENRY ALEXANDER SANTACRUZ' (14/3/2026)."}
{"timestamp":"2026-03-21T16:09:03.597Z","eventType":"record_updated","message":"ADMIN ACTUALIZÓ registro de 'HENRY ALEXANDER SANTACRUZ' (14/3/2026)."}
{"timestamp":"2026-03-21T16:09:06.077Z","eventType":"record_updated","message":"ADMIN APROBÓ el registro de 'HENRY ALEXANDER SANTACRUZ' del 14/3/2026."}
{"timestamp":"2026-03-21T19:39:42.651Z","eventType":"employee_login","message":"El empleado 'FIDEL ANGEL MARTINEZ' ha iniciado sesión."}
{"timestamp":"2026-03-21T19:40:11.151Z","eventType":"record_created","message":"EL EMPLEADO 'IVAN ANTONIO ZELAYA' registró Horas Extra para el 21/3/2026. Actividad: Instalacion montecarlos Jordan . Total: 1.5 hrs."}
{"timestamp":"2026-03-21T19:41:42.930Z","eventType":"record_created","message":"EL EMPLEADO 'FIDEL ANGEL MARTINEZ' registró Horas Extra para el 21/3/2026. Actividad: Intalacion de evento charlaix y Intalacion de cliente en montecarlos . Total: 1.5 hrs."}
{"timestamp":"2026-03-21T19:42:24.872Z","eventType":"record_created","message":"EL EMPLEADO 'IVAN ANTONIO ZELAYA' registró Horas Extra para el 20/3/2026. Actividad: Soporte electrónica 2001. Total: 0.5 hrs."}
{"timestamp":"2026-03-21T19:43:16.181Z","eventType":"record_created","message":"EL EMPLEADO 'IVAN ANTONIO ZELAYA' registró Horas Extra para el 20/3/2026. Actividad: Corte Nema Alcaldia. Total: 3.5 hrs."}
{"timestamp":"2026-03-21T21:24:56.138Z","eventType":"employee_login","message":"El empleado 'FERNANDO JOSE ALFARO' ha iniciado sesión."}
{"timestamp":"2026-03-21T21:27:26.943Z","eventType":"record_created","message":"EL EMPLEADO 'FERNANDO JOSE ALFARO' registró Horas Extra para el 21/3/2026. Actividad: Se Fue A Traer Stb\n. Total: 0.5 hrs."}
{"timestamp":"2026-03-21T21:30:20.632Z","eventType":"employee_login","message":"El empleado 'DOUGLAS ENRIQUE ARGUETA' ha iniciado sesión."}
{"timestamp":"2026-03-21T21:36:21.070Z","eventType":"record_created","message":"EL EMPLEADO 'DOUGLAS ENRIQUE ARGUETA' registró Horas Extra para el 21/3/2026. Actividad: Se fueron a traer equipos al desvio de Santo Domingo . Total: 0.5 hrs."}
{"timestamp":"2026-03-22T21:55:53.310Z","eventType":"employee_login","message":"El empleado 'HENRY ALEXANDER SANTACRUZ' ha iniciado sesión."}
{"timestamp":"2026-03-22T21:57:02.483Z","eventType":"record_created","message":"EL EMPLEADO 'HENRY ALEXANDER SANTACRUZ' registró Horas Extra para el 22/3/2026. Actividad: Se cubrió liga española se extendió el partido. Total: 2 hrs."}
{"timestamp":"2026-03-22T23:41:51.319Z","eventType":"employee_login","message":"El empleado 'MARVIN JOSUE ALVARENGA' ha iniciado sesión."}
{"timestamp":"2026-03-22T23:45:49.008Z","eventType":"record_created","message":"EL EMPLEADO 'MARVIN JOSUE ALVARENGA' registró Horas Extra para el 21/3/2026. Actividad: Enlace evento san salvador con muaro. Total: 5 hrs."}
{"timestamp":"2026-03-23T12:15:44.150Z","eventType":"record_created","message":"EL EMPLEADO 'VICTOR MANUEL HERNANDEZ' registró Horas Extra para el 21/3/2026. Actividad: Apertura NOC. Total: 2 hrs."}
{"timestamp":"2026-03-23T12:16:07.045Z","eventType":"record_created","message":"EL EMPLEADO 'VICTOR MANUEL HERNANDEZ' registró Horas Extra para el 23/3/2026. Actividad: Apertura NOC. Total: 2 hrs."}
{"timestamp":"2026-03-23T13:33:49.438Z","eventType":"employee_login","message":"El empleado 'FIDEL ANGEL MARTINEZ' ha iniciado sesión."}
{"timestamp":"2026-03-23T13:34:36.340Z","eventType":"record_created","message":"EL EMPLEADO 'FIDEL ANGEL MARTINEZ' registró Horas Extra para el 21/3/2026. Actividad: Evento charlaix . Total: 3 hrs."}
{"timestamp":"2026-03-23T17:01:17.001Z","eventType":"admin_login","message":"El Administrador ha iniciado sesión."}
{"timestamp":"2026-03-23T19:05:49.692Z","eventType":"employee_login","message":"El empleado 'JORGE MARLON HERNANDEZ' ha iniciado sesión."}
{"timestamp":"2026-03-23T19:07:06.569Z","eventType":"employee_login","message":"El empleado 'JORGE MARLON HERNANDEZ' ha iniciado sesión."}
{"timestamp":"2026-03-23T20:32:30.265Z","eventType":"employee_login","message":"El empleado 'JUAN EMILIO ULLOA' ha iniciado sesión."}
{"timestamp":"2026-03-23T20:33:58.342Z","eventType":"record_created","message":"EL EMPLEADO 'JUAN EMILIO ULLOA' registró Horas Extra para el 19/3/2026. Actividad: Instalación de GPS san Juan opico. Total: 2 hrs."}
{"timestamp":"2026-03-23T20:35:23.132Z","eventType":"record_created","message":"EL EMPLEADO 'JUAN EMILIO ULLOA' registró Horas Extra para el 19/3/2026. Actividad: Instalación de GPS san Juan opico. Total: 2 hrs."}
{"timestamp":"2026-03-24T13:02:01.475Z","eventType":"employee_login","message":"El empleado 'FIDEL ANGEL MARTINEZ' ha iniciado sesión."}
{"timestamp":"2026-03-24T13:02:43.930Z","eventType":"record_created","message":"EL EMPLEADO 'FIDEL ANGEL MARTINEZ' registró Horas Extra para el 23/3/2026. Actividad: Pensando piso pvc. Total: 1.5 hrs."}
{"timestamp":"2026-03-24T13:43:05.291Z","eventType":"employee_login","message":"El empleado 'VICTOR MANUEL HERNANDEZ' ha iniciado sesión."}
{"timestamp":"2026-03-24T13:43:31.910Z","eventType":"record_created","message":"EL EMPLEADO 'VICTOR MANUEL HERNANDEZ' registró Horas Extra para el 24/3/2026. Actividad: Apertura NOC. Total: 2 hrs."}
{"timestamp":"2026-03-24T15:54:19.300Z","eventType":"admin_login","message":"El Administrador ha iniciado sesión."}
{"timestamp":"2026-03-24T16:05:06.143Z","eventType":"employee_created","message":"NUEVO EMPLEADO: Se creó a '[44] ADELIA NOHEMY ROMERO' asignado a la sucursal 'SAN MIGUEL' con un salario de $408.08."}
{"timestamp":"2026-03-24T16:05:18.604Z","eventType":"employee_updated","message":"EMPLEADO ACTUALIZADO: '[44] ADELIA NOHEMY ROMERO'. Cambios: Salario a $408.8."}
{"timestamp":"2026-03-24T16:12:04.122Z","eventType":"admin_login","message":"El Administrador ha iniciado sesión."}
{"timestamp":"2026-03-24T16:27:51.321Z","eventType":"employee_created","message":"NUEVO EMPLEADO: Se creó a '[45] STEFANY YAMILETH MENDIOLA' asignado a la sucursal 'SAN MIGUEL' con un salario de $408.8."}
{"timestamp":"2026-03-24T16:28:34.506Z","eventType":"employee_created","message":"NUEVO EMPLEADO: Se creó a '[46] NAOMI LINETTE HERNANDEZ' asignado a la sucursal 'SAN MIGUEL' con un salario de $408.8."}
{"timestamp":"2026-03-24T16:29:05.354Z","eventType":"employee_created","message":"NUEVO EMPLEADO: Se creó a '[47] CESIA NATHALY  ESCOBAR' asignado a la sucursal 'SAN MIGUEL' con un salario de $408.8."}
{"timestamp":"2026-03-24T16:30:01.753Z","eventType":"employee_created","message":"NUEVO EMPLEADO: Se creó a '[48] YANIRA ESTEFANY ASCENCIO' asignado a la sucursal 'SAN MIGUEL' con un salario de $408.8."}
{"timestamp":"2026-03-24T16:30:40.666Z","eventType":"employee_created","message":"NUEVO EMPLEADO: Se creó a '[49] CARLOS EDUARDO  LUNA' asignado a la sucursal 'SAN MIGUEL' con un salario de $450."}
{"timestamp":"2026-03-24T16:31:06.264Z","eventType":"employee_created","message":"NUEVO EMPLEADO: Se creó a '[50] KATHERINE TATIANA RAMOS' asignado a la sucursal 'SAN MIGUEL' con un salario de $408.8."}
{"timestamp":"2026-03-24T16:31:32.269Z","eventType":"employee_created","message":"NUEVO EMPLEADO: Se creó a '[51] DIAZ RICARDO JOSUE' asignado a la sucursal 'SAN MIGUEL' con un salario de $408.8."}
{"timestamp":"2026-03-24T16:32:03.653Z","eventType":"employee_created","message":"NUEVO EMPLEADO: Se creó a '[52] JESSICA BEATRIZ CHICA' asignado a la sucursal 'MORAZAN' con un salario de $408.8."}
{"timestamp":"2026-03-24T16:33:24.309Z","eventType":"employee_created","message":"NUEVO EMPLEADO: Se creó a '[53] JOSE ROLANDO MENDEZ' asignado a la sucursal 'MORAZAN' con un salario de $500."}
{"timestamp":"2026-03-24T16:34:00.052Z","eventType":"employee_created","message":"NUEVO EMPLEADO: Se creó a '[54] MARIA TOMASA MEJIA' asignado a la sucursal 'USULUTAN' con un salario de $408.8."}
{"timestamp":"2026-03-24T16:34:24.727Z","eventType":"employee_created","message":"NUEVO EMPLEADO: Se creó a '[55] FANNY YAMILETH COREAS' asignado a la sucursal 'USULUTAN' con un salario de $408.8."}
{"timestamp":"2026-03-24T16:36:23.876Z","eventType":"employee_created","message":"NUEVO EMPLEADO: Se creó a '[56] STEPHANIE LISETH DIAZ' asignado a la sucursal 'SAN VICENTE' con un salario de $408.8."}
{"timestamp":"2026-03-24T16:41:27.026Z","eventType":"employee_created","message":"NUEVO EMPLEADO: Se creó a '[57] KATHERINE ELIZABETH DIAZ' asignado a la sucursal 'CARA SUCIA' con un salario de $408.8."}
{"timestamp":"2026-03-24T16:43:42.198Z","eventType":"employee_created","message":"NUEVO EMPLEADO: Se creó a '[58] WILFREDO ALEXANDER HERRERA' asignado a la sucursal 'CARA SUCIA' con un salario de $500."}
{"timestamp":"2026-03-24T16:48:33.218Z","eventType":"employee_updated","message":"EMPLEADO ACTUALIZADO: '[57] KATHERINE ELIZABETH DIAZ'. Cambios: Estado a 'inactive'."}
{"timestamp":"2026-03-24T16:48:36.906Z","eventType":"employee_updated","message":"EMPLEADO ACTUALIZADO: '[58] WILFREDO ALEXANDER HERRERA'. Cambios: Estado a 'inactive'."}
{"timestamp":"2026-03-24T16:48:46.529Z","eventType":"employee_updated","message":"EMPLEADO ACTUALIZADO: '[52] JESSICA BEATRIZ CHICA'. Cambios: Estado a 'inactive'."}
{"timestamp":"2026-03-24T16:48:51.021Z","eventType":"employee_updated","message":"EMPLEADO ACTUALIZADO: '[53] JOSE ROLANDO MENDEZ'. Cambios: Estado a 'inactive'."}
{"timestamp":"2026-03-24T16:49:12.755Z","eventType":"employee_updated","message":"EMPLEADO ACTUALIZADO: '[50] KATHERINE TATIANA RAMOS'. Cambios: Estado a 'inactive'."}
{"timestamp":"2026-03-24T16:49:16.227Z","eventType":"employee_updated","message":"EMPLEADO ACTUALIZADO: '[51] DIAZ RICARDO JOSUE'. Cambios: Estado a 'inactive'."}
{"timestamp":"2026-03-24T16:49:22.328Z","eventType":"employee_updated","message":"EMPLEADO ACTUALIZADO: '[47] CESIA NATHALY  ESCOBAR'. Cambios: Estado a 'inactive'."}
{"timestamp":"2026-03-24T16:49:27.121Z","eventType":"employee_updated","message":"EMPLEADO ACTUALIZADO: '[46] NAOMI LINETTE HERNANDEZ'. Cambios: Estado a 'inactive'."}
{"timestamp":"2026-03-24T16:49:31.333Z","eventType":"employee_updated","message":"EMPLEADO ACTUALIZADO: '[45] STEFANY YAMILETH MENDIOLA'. Cambios: Estado a 'inactive'."}
{"timestamp":"2026-03-24T16:49:36.173Z","eventType":"employee_updated","message":"EMPLEADO ACTUALIZADO: '[48] YANIRA ESTEFANY ASCENCIO'. Cambios: Estado a 'inactive'."}
{"timestamp":"2026-03-24T16:50:02.954Z","eventType":"employee_updated","message":"EMPLEADO ACTUALIZADO: '[56] STEPHANIE LISETH DIAZ'. Cambios: Estado a 'inactive'."}
{"timestamp":"2026-03-24T16:50:11.209Z","eventType":"employee_updated","message":"EMPLEADO ACTUALIZADO: '[54] MARIA TOMASA MEJIA'. Cambios: Estado a 'inactive'."}
{"timestamp":"2026-03-24T16:50:17.685Z","eventType":"employee_updated","message":"EMPLEADO ACTUALIZADO: '[55] FANNY YAMILETH COREAS'. Cambios: Estado a 'inactive'."}
{"timestamp":"2026-03-24T17:36:57.792Z","eventType":"employee_login","message":"El empleado 'MARIO ERNESTO GOMEZ' ha iniciado sesión."}
{"timestamp":"2026-03-25T00:22:14.657Z","eventType":"employee_login","message":"El empleado 'MARIO ERNESTO GOMEZ' ha iniciado sesión."}
{"timestamp":"2026-03-25T00:23:30.000Z","eventType":"employee_login","message":"El empleado 'JAVIER ARMANDO PORTILLO' ha iniciado sesión."}
{"timestamp":"2026-03-25T00:24:13.669Z","eventType":"employee_login","message":"El empleado 'MARVIN JOSUE ALVARENGA' ha iniciado sesión."}
{"timestamp":"2026-03-25T00:25:25.742Z","eventType":"record_created","message":"EL EMPLEADO 'MARVIN JOSUE ALVARENGA' registró Horas Extra para el 23/3/2026. Actividad: Tensado F.O y fucion en nema. Total: 2 hrs."}
{"timestamp":"2026-03-25T00:26:55.845Z","eventType":"record_created","message":"EL EMPLEADO 'MARIO ERNESTO GOMEZ' registró Horas Extra para el 23/3/2026. Actividad: Tensado y fusion nema . Total: 2 hrs."}
{"timestamp":"2026-03-25T00:30:02.382Z","eventType":"record_created","message":"EL EMPLEADO 'MARIO ERNESTO GOMEZ' registró Horas Extra para el 19/3/2026. Actividad: Revisión cliente 2001. Total: 3 hrs."}
{"timestamp":"2026-03-25T00:31:20.589Z","eventType":"employee_login","message":"El empleado 'JAVIER ARMANDO PORTILLO' ha iniciado sesión."}
{"timestamp":"2026-03-25T00:32:48.351Z","eventType":"record_created","message":"EL EMPLEADO 'JAVIER ARMANDO PORTILLO' registró Horas Extra para el 24/3/2026. Actividad: Revisión de cliente en 2001. Total: 0.5 hrs."}
{"timestamp":"2026-03-25T00:34:21.101Z","eventType":"record_created","message":"EL EMPLEADO 'JAVIER ARMANDO PORTILLO' registró Horas Extra para el 20/3/2026. Actividad: Corte de fibra o.p. del pon de monte grande . Total: 3.5 hrs."}
{"timestamp":"2026-03-25T00:35:25.230Z","eventType":"record_created","message":"EL EMPLEADO 'IVAN ANTONIO ZELAYA' registró Horas Extra para el 23/3/2026. Actividad: Tensado pon san antonio. Total: 2 hrs."}
{"timestamp":"2026-03-25T00:35:54.192Z","eventType":"record_created","message":"EL EMPLEADO 'MARIO ERNESTO GOMEZ' registró Horas Extra para el 21/3/2026. Actividad: Instalación montecarlo jordán . Total: 0.75 hrs."}
{"timestamp":"2026-03-25T00:36:24.214Z","eventType":"record_created","message":"EL EMPLEADO 'JAVIER ARMANDO PORTILLO' registró Horas Extra para el 21/3/2026. Actividad: Instalación de cliente en la monte Carlos jordan. Total: 1.5 hrs."}
{"timestamp":"2026-03-25T00:37:56.182Z","eventType":"record_created","message":"EL EMPLEADO 'JAVIER ARMANDO PORTILLO' registró Horas Extra para el 23/3/2026. Actividad: Tensado de poste del pon san Antonio . Total: 2 hrs."}
{"timestamp":"2026-03-25T01:18:26.333Z","eventType":"employee_login","message":"El empleado 'JAVIER ARMANDO PORTILLO' ha iniciado sesión."}
{"timestamp":"2026-03-25T01:18:46.293Z","eventType":"record_created","message":"EL EMPLEADO 'MARVIN JOSUE ALVARENGA' registró Horas Extra para el 24/3/2026. Actividad: Fucion el gueguecho san Antonio. Total: 2.25 hrs."}
{"timestamp":"2026-03-25T01:19:07.670Z","eventType":"record_created","message":"EL EMPLEADO 'MARIO ERNESTO GOMEZ' registró Horas Extra para el 24/3/2026. Actividad: Fusion el wewecho san Antonio . Total: 2.25 hrs."}
{"timestamp":"2026-03-25T01:20:17.756Z","eventType":"record_created","message":"EL EMPLEADO 'JAVIER ARMANDO PORTILLO' registró Horas Extra para el 24/3/2026. Actividad: Fucion de pon de san Antonio huevecho . Total: 2.25 hrs."}
{"timestamp":"2026-03-25T11:18:59.080Z","eventType":"record_created","message":"EL EMPLEADO 'RUDY ARTEMYS RIVERA' registró Horas Extra para el 24/3/2026. Actividad: Evento San Fernando. Total: 6.5 hrs."}
{"timestamp":"2026-03-25T13:47:41.312Z","eventType":"employee_login","message":"El empleado 'WILLIAM ALEXANDER SEGOVIA' ha iniciado sesión."}
{"timestamp":"2026-03-25T13:48:55.824Z","eventType":"record_created","message":"EL EMPLEADO 'WILLIAM ALEXANDER SEGOVIA' registró Horas Extra para el 24/3/2026. Actividad: Hacer cambio de equipo en la oficina con fidel . Total: 1 hrs."}
{"timestamp":"2026-03-25T13:59:01.700Z","eventType":"employee_login","message":"El empleado 'ANDRE DUARTE SOSA' ha iniciado sesión."}
{"timestamp":"2026-03-25T14:00:19.828Z","eventType":"employee_login","message":"El empleado 'FIDEL ANGEL MARTINEZ' ha iniciado sesión."}
{"timestamp":"2026-03-25T14:01:10.933Z","eventType":"record_created","message":"EL EMPLEADO 'ANDRE DUARTE SOSA' registró Horas Extra para el 24/3/2026. Actividad: Entreno Garden Mall, toma de fotografía y subida a redes sociales . Total: 4 hrs."}
{"timestamp":"2026-03-25T14:02:04.294Z","eventType":"record_created","message":"EL EMPLEADO 'RONALD ANTONIO GOMEZ' registró Horas Extra para el 21/3/2026. Actividad: Punto enlace charliex . Total: 1.5 hrs."}
{"timestamp":"2026-03-25T23:28:00.656Z","eventType":"employee_login","message":"El empleado 'EDWIN ALEXANDER PALACIOS' ha iniciado sesión."}
{"timestamp":"2026-03-25T23:29:49.956Z","eventType":"employee_login","message":"El empleado 'EDWIN ALEXANDER PALACIOS' ha iniciado sesión."}
{"timestamp":"2026-03-25T23:30:24.945Z","eventType":"record_created","message":"EL EMPLEADO 'EDWIN ALEXANDER PALACIOS' registró Horas Extra para el 24/3/2026. Actividad: Cubriendo vigilancia del edificio Flynet. Total: 9 hrs."}
{"timestamp":"2026-03-25T23:37:05.797Z","eventType":"employee_login","message":"El empleado 'ANDRE DUARTE SOSA' ha iniciado sesión."}
{"timestamp":"2026-03-26T12:37:34.717Z","eventType":"employee_login","message":"El empleado 'VICTOR MANUEL HERNANDEZ' ha iniciado sesión."}
{"timestamp":"2026-03-26T12:38:21.033Z","eventType":"record_created","message":"EL EMPLEADO 'VICTOR MANUEL HERNANDEZ' registró Horas Extra para el 25/3/2026. Actividad: APERTURA NOC. Total: 2 hrs."}
{"timestamp":"2026-03-26T12:38:50.161Z","eventType":"record_created","message":"EL EMPLEADO 'VICTOR MANUEL HERNANDEZ' registró Horas Extra para el 26/3/2026. Actividad: APERTURA NOC. Total: 2 hrs."}
{"timestamp":"2026-03-26T17:29:09.361Z","eventType":"employee_login","message":"El empleado 'FERNANDO JAVIER SORTO' ha iniciado sesión."}
{"timestamp":"2026-03-26T17:30:43.380Z","eventType":"record_created","message":"EL EMPLEADO 'FERNANDO JAVIER SORTO' registró Horas Extra para el 14/3/2026. Actividad: entrega de kits, en metrocentro santa ana. Total: 4 hrs."}
{"timestamp":"2026-03-26T17:32:36.690Z","eventType":"record_created","message":"EL EMPLEADO 'FERNANDO JAVIER SORTO' registró Horas Extra para el 15/3/2026. Actividad: Cobertura de carrera de la Liga Pink Run Santa Ana 2026. Total: 4 hrs."}
{"timestamp":"2026-03-26T23:50:54.999Z","eventType":"record_created","message":"EL EMPLEADO 'GUILLERMO ALEXANDER ZELAYA' registró Horas Extra para el 24/3/2026. Actividad: Soporte Técnico . Total: 1.5 hrs."}
{"timestamp":"2026-03-26T23:51:24.459Z","eventType":"record_created","message":"EL EMPLEADO 'GUILLERMO ALEXANDER ZELAYA' registró Horas Extra para el 26/3/2026. Actividad: Soporte Técnico . Total: 1 hrs."}
{"timestamp":"2026-03-26T23:51:54.379Z","eventType":"record_created","message":"EL EMPLEADO 'GUILLERMO ALEXANDER ZELAYA' registró Horas Extra para el 25/3/2026. Actividad: Soporte Técnico. Total: 1 hrs."}
{"timestamp":"2026-03-26T23:52:55.012Z","eventType":"employee_login","message":"El empleado 'MARIO ERNESTO GOMEZ' ha iniciado sesión."}
{"timestamp":"2026-03-26T23:54:45.968Z","eventType":"record_created","message":"EL EMPLEADO 'MARVIN JOSUE ALVARENGA' registró Horas Extra para el 25/3/2026. Actividad: Desatenuacion pon san luis . Total: 5.25 hrs."}
{"timestamp":"2026-03-26T23:54:57.777Z","eventType":"record_created","message":"EL EMPLEADO 'MARIO ERNESTO GOMEZ' registró Horas Extra para el 25/3/2026. Actividad: Desatención pon san luis . Total: 5.25 hrs."}
{"timestamp":"2026-03-26T23:56:01.516Z","eventType":"employee_login","message":"El empleado 'JAVIER ARMANDO PORTILLO' ha iniciado sesión."}
{"timestamp":"2026-03-26T23:56:28.484Z","eventType":"record_created","message":"EL EMPLEADO 'IVAN ANTONIO ZELAYA' registró Horas Extra para el 25/3/2026. Actividad: Desatenuacion PON San luis. Total: 5.25 hrs."}
{"timestamp":"2026-03-26T23:56:51.561Z","eventType":"record_created","message":"EL EMPLEADO 'MARIO ERNESTO GOMEZ' registró Horas Extra para el 26/3/2026. Actividad: Tendido de F.O jalacatal . Total: 1 hrs."}
{"timestamp":"2026-03-26T23:57:08.139Z","eventType":"record_created","message":"EL EMPLEADO 'MARVIN JOSUE ALVARENGA' registró Horas Extra para el 26/3/2026. Actividad: Tendido F.O el jalacatal . Total: 1 hrs."}
{"timestamp":"2026-03-26T23:58:26.020Z","eventType":"record_created","message":"EL EMPLEADO 'JAVIER ARMANDO PORTILLO' registró Horas Extra para el 25/3/2026. Actividad: Atenuación pon san luis . Total: 5.25 hrs."}
{"timestamp":"2026-03-26T23:58:45.435Z","eventType":"record_created","message":"EL EMPLEADO 'IVAN ANTONIO ZELAYA' registró Horas Extra para el 26/3/2026. Actividad: Tendido fibra jalacatal. Total: 1 hrs."}
{"timestamp":"2026-03-27T00:00:10.617Z","eventType":"record_created","message":"EL EMPLEADO 'JAVIER ARMANDO PORTILLO' registró Horas Extra para el 26/3/2026. Actividad: Tendido de f.o. jalacatal . Total: 1 hrs."}
{"timestamp":"2026-03-27T00:02:51.327Z","eventType":"record_created","message":"EL EMPLEADO 'RONALD ANTONIO GOMEZ' registró Horas Extra para el 25/3/2026. Actividad: Desatención san luis. Total: 5.25 hrs."}
{"timestamp":"2026-03-27T00:22:51.181Z","eventType":"employee_login","message":"El empleado 'EDWIN ALEXANDER PALACIOS' ha iniciado sesión."}
{"timestamp":"2026-03-27T00:24:13.304Z","eventType":"record_created","message":"EL EMPLEADO 'EDWIN ALEXANDER PALACIOS' registró Horas Extra para el 25/3/2026. Actividad: cubriendo vigilancia en el edificio. Total: 8 hrs."}
{"timestamp":"2026-03-27T13:12:58.704Z","eventType":"record_created","message":"EL EMPLEADO 'VICTOR MANUEL HERNANDEZ' registró Horas Extra para el 27/3/2026. Actividad: APERTURA NOC. Total: 2 hrs."}
{"timestamp":"2026-03-27T15:24:51.155Z","eventType":"employee_login","message":"El empleado 'ROBERTO ANTONIO VELIS' ha iniciado sesión."}
{"timestamp":"2026-03-27T15:26:07.235Z","eventType":"record_created","message":"EL EMPLEADO 'ROBERTO ANTONIO VELIS' registró Horas Extra para el 14/3/2026. Actividad: Entrega de Kits, Liga Pink Run Santa Ana, En Santa Ana. Total: 6 hrs."}
{"timestamp":"2026-03-27T15:27:49.326Z","eventType":"record_created","message":"EL EMPLEADO 'ROBERTO ANTONIO VELIS' registró Horas Extra para el 27/3/2026. Actividad: Carrera Liga Pink Run Santa Ana, En Santa Ana. Total: 11 hrs."}
{"timestamp":"2026-03-27T20:06:16.645Z","eventType":"admin_login","message":"El Administrador ha iniciado sesión."}
{"timestamp":"2026-03-27T22:03:50.001Z","eventType":"employee_login","message":"El empleado 'ADELIA NOHEMY ROMERO' ha iniciado sesión."}
{"timestamp":"2026-03-27T22:05:16.655Z","eventType":"record_created","message":"EL EMPLEADO 'ADELIA NOHEMY ROMERO' registró Horas Extra para el 24/3/2026. Actividad: Desfile en Morazán . Total: 4 hrs."}
{"timestamp":"2026-03-27T22:15:49.146Z","eventType":"record_updated","message":"ADMIN ACTUALIZÓ registro de 'ADELIA NOHEMY ROMERO' (24/3/2026)."}
{"timestamp":"2026-03-28T04:34:36.668Z","eventType":"employee_login","message":"El empleado 'JUAN EMILIO ULLOA' ha iniciado sesión."}
{"timestamp":"2026-03-28T04:35:41.139Z","eventType":"record_created","message":"EL EMPLEADO 'JUAN EMILIO ULLOA' registró Horas Extra para el 26/3/2026. Actividad: Instalación de motor . Total: 1 hrs."}
{"timestamp":"2026-03-28T04:37:15.416Z","eventType":"record_created","message":"EL EMPLEADO 'JUAN EMILIO ULLOA' registró Horas Extra para el 27/3/2026. Actividad: Instalación de GPS San Juan Opico . Total: 2 hrs."}
{"timestamp":"2026-03-28T04:38:51.849Z","eventType":"record_created","message":"EL EMPLEADO 'JUAN EMILIO ULLOA' registró Horas Extra para el 27/3/2026. Actividad: Instalación de GPS Opico y remolque de vehículo . Total: 5 hrs."}
{"timestamp":"2026-03-28T12:21:46.912Z","eventType":"employee_login","message":"El empleado 'WILLIAM ALEXANDER SEGOVIA' ha iniciado sesión."}
{"timestamp":"2026-03-28T12:22:38.923Z","eventType":"record_created","message":"EL EMPLEADO 'WILLIAM ALEXANDER SEGOVIA' registró Horas Extra para el 27/3/2026. Actividad: Ir a traer equipo a san Miguel . Total: 1.5 hrs."}
{"timestamp":"2026-03-28T12:24:06.295Z","eventType":"record_created","message":"EL EMPLEADO 'WILLIAM ALEXANDER SEGOVIA' registró un Día Adicional para el 28/3/2026. Actividad: Se iso cambios en los equipo en oficina con soporte . Total: 13 hrs."}
{"timestamp":"2026-03-28T12:25:22.824Z","eventType":"record_created","message":"EL EMPLEADO 'WILLIAM ALEXANDER SEGOVIA' registró Horas Extra para el 28/3/2026. Actividad: Se iso cambio en los equipo con soporte técnico san miguel. Total: 1 hrs."}
{"timestamp":"2026-03-28T13:03:02.438Z","eventType":"record_created","message":"EL EMPLEADO 'VICTOR MANUEL HERNANDEZ' registró Horas Extra para el 28/3/2026. Actividad: caida megapolis. Total: 3 hrs."}
{"timestamp":"2026-03-28T15:40:45.187Z","eventType":"employee_login","message":"El empleado 'MARVIN JOSUE ALVARENGA' ha iniciado sesión."}
{"timestamp":"2026-03-28T15:41:52.671Z","eventType":"record_created","message":"EL EMPLEADO 'MARVIN JOSUE ALVARENGA' registró Horas Extra para el 27/3/2026. Actividad: Instalación equipos san salvador . Total: 3 hrs."}
{"timestamp":"2026-03-28T15:43:13.176Z","eventType":"record_created","message":"EL EMPLEADO 'MARVIN JOSUE ALVARENGA' registró Horas Extra para el 28/3/2026. Actividad: Instalación de equipos por san salvador . Total: 5 hrs."}
{"timestamp":"2026-03-28T15:45:01.097Z","eventType":"record_created","message":"EL EMPLEADO 'MARVIN JOSUE ALVARENGA' registró Horas Extra para el 28/3/2026. Actividad: Corte de f.o megapolis. Total: 1.5 hrs."}
{"timestamp":"2026-03-28T15:45:49.140Z","eventType":"record_created","message":"EL EMPLEADO 'MARIO ERNESTO GOMEZ' registró Horas Extra para el 28/3/2026. Actividad: Corte de F .O megapoli. Total: 1.5 hrs."}
{"timestamp":"2026-03-28T15:46:50.869Z","eventType":"record_created","message":"EL EMPLEADO 'RONALD ANTONIO GOMEZ' registró Horas Extra para el 28/3/2026. Actividad: Corte de F.O Megapoli . Total: 1.5 hrs."}
{"timestamp":"2026-03-28T20:15:15.941Z","eventType":"employee_login","message":"El empleado 'JOSE GUILLERMO HENRIQUEZ' ha iniciado sesión."}
{"timestamp":"2026-03-28T20:16:24.529Z","eventType":"record_created","message":"EL EMPLEADO 'JOSE GUILLERMO HENRIQUEZ' registró Horas Extra para el 28/3/2026. Actividad: Ir a san miguel a traer equipo que se cambiará en oficina usulutan . Total: 2 hrs."}
{"timestamp":"2026-03-28T22:47:39.152Z","eventType":"admin_login","message":"El Administrador ha iniciado sesión."}
{"timestamp":"2026-03-29T00:13:41.746Z","eventType":"record_created","message":"EL EMPLEADO 'RONALD ANTONIO GOMEZ' registró Horas Extra para el 28/3/2026. Actividad: Atendiendo falla san Sebastián . Total: 1 hrs."}
{"timestamp":"2026-03-29T00:13:47.559Z","eventType":"record_created","message":"EL EMPLEADO 'MARVIN JOSUE ALVARENGA' registró Horas Extra para el 28/3/2026. Actividad: Atendiendo falla san sebastian. Total: 1 hrs."}
{"timestamp":"2026-03-29T15:15:26.012Z","eventType":"employee_login","message":"El empleado 'JOSE GUILLERMO HENRIQUEZ' ha iniciado sesión."}
{"timestamp":"2026-03-29T15:17:51.021Z","eventType":"record_created","message":"EL EMPLEADO 'JOSE GUILLERMO HENRIQUEZ' registró Horas Extra para el 29/3/2026. Actividad: Poner planta en torre ozatlan . Total: 3 hrs."}
{"timestamp":"2026-03-29T15:18:21.937Z","eventType":"employee_login","message":"El empleado 'JOSE GUILLERMO HENRIQUEZ' ha iniciado sesión."}
{"timestamp":"2026-03-29T16:55:14.943Z","eventType":"employee_login","message":"El empleado 'WALTER ALEXANDER VELASQUEZ' ha iniciado sesión."}
{"timestamp":"2026-03-29T17:00:14.464Z","eventType":"record_created","message":"EL EMPLEADO 'WALTER ALEXANDER VELASQUEZ' registró Horas Extra para el 28/3/2026. Actividad: Planta Lolotique. Total: 2 hrs."}
{"timestamp":"2026-03-29T17:00:59.629Z","eventType":"record_created","message":"EL EMPLEADO 'WALTER ALEXANDER VELASQUEZ' registró Horas Extra para el 28/3/2026. Actividad: Planta Planes de San Sebastián . Total: 3 hrs."}
{"timestamp":"2026-03-30T00:21:55.264Z","eventType":"record_created","message":"EL EMPLEADO 'GUILLERMO ALEXANDER ZELAYA' registró Horas Extra para el 28/3/2026. Actividad: Torre san Sebastián . Total: 1 hrs."}
{"timestamp":"2026-03-30T00:23:24.493Z","eventType":"record_created","message":"EL EMPLEADO 'GUILLERMO ALEXANDER ZELAYA' registró Horas Extra para el 29/3/2026. Actividad: Soporte Técnico . Total: 1 hrs."}
{"timestamp":"2026-03-30T00:24:42.860Z","eventType":"record_created","message":"EL EMPLEADO 'GUILLERMO ALEXANDER ZELAYA' registró Horas Extra para el 29/3/2026. Actividad: Llevar panel para Torre San Sebastián . Total: 1 hrs."}
{"timestamp":"2026-03-30T01:26:19.360Z","eventType":"employee_login","message":"El empleado 'WALTER ALEXANDER VELASQUEZ' ha iniciado sesión."}
{"timestamp":"2026-03-30T01:27:52.753Z","eventType":"record_created","message":"EL EMPLEADO 'WALTER ALEXANDER VELASQUEZ' registró un Día Adicional para el 29/3/2026. Actividad: Planta Torre San Sebastián . Total: 11.5 hrs."}
{"timestamp":"2026-03-30T11:31:32.995Z","eventType":"employee_login","message":"El empleado 'HENRY ALEXANDER SANTACRUZ' ha iniciado sesión."}
{"timestamp":"2026-03-30T11:32:59.663Z","eventType":"record_created","message":"EL EMPLEADO 'HENRY ALEXANDER SANTACRUZ' registró Horas Extra para el 29/3/2026. Actividad: Se cubrió turno de don Willian por viaje a san salvador. Total: 14 hrs."}
{"timestamp":"2026-03-30T12:20:13.114Z","eventType":"record_created","message":"EL EMPLEADO 'VICTOR MANUEL HERNANDEZ' registró Horas Extra para el 30/3/2026. Actividad: APERTURA NOC. Total: 2 hrs."}
{"timestamp":"2026-03-30T17:01:55.749Z","eventType":"admin_login","message":"El Administrador ha iniciado sesión."}
{"timestamp":"2026-03-30T17:07:07.536Z","eventType":"record_updated","message":"ADMIN APROBÓ el registro de 'WILLIAM ALEXANDER SEGOVIA' del 14/3/2026."}
{"timestamp":"2026-03-30T17:07:10.510Z","eventType":"record_updated","message":"ADMIN APROBÓ el registro de 'VICTOR MANUEL HERNANDEZ' del 14/3/2026."}
{"timestamp":"2026-03-30T17:07:16.963Z","eventType":"record_updated","message":"ADMIN APROBÓ el registro de 'RUDY ARTEMYS RIVERA' del 14/3/2026."}
{"timestamp":"2026-03-30T17:07:23.768Z","eventType":"record_updated","message":"ADMIN APROBÓ el registro de 'ROBERTO ANTONIO VELIS' del 14/3/2026."}
{"timestamp":"2026-03-30T17:07:27.885Z","eventType":"record_updated","message":"ADMIN APROBÓ el registro de 'JOSE GUILLERMO HENRIQUEZ' del 14/3/2026."}
{"timestamp":"2026-03-30T17:07:36.976Z","eventType":"record_updated","message":"ADMIN APROBÓ el registro de 'FERNANDO JAVIER SORTO' del 14/3/2026."}
{"timestamp":"2026-03-30T17:07:41.686Z","eventType":"record_updated","message":"ADMIN APROBÓ el registro de 'EDWIN ALEXANDER PALACIOS' del 14/3/2026."}
{"timestamp":"2026-03-30T17:07:45.281Z","eventType":"record_updated","message":"ADMIN APROBÓ el registro de 'RUDY ARTEMYS RIVERA' del 15/3/2026."}
{"timestamp":"2026-03-30T17:07:56.121Z","eventType":"record_updated","message":"ADMIN APROBÓ el registro de 'MARVIN JOSUE ALVARENGA' del 15/3/2026."}
{"timestamp":"2026-03-30T17:08:00.513Z","eventType":"record_updated","message":"ADMIN APROBÓ el registro de 'JOSE GUILLERMO HENRIQUEZ' del 15/3/2026."}
{"timestamp":"2026-03-30T17:08:15.507Z","eventType":"record_updated","message":"ADMIN APROBÓ el registro de 'FIDEL ANGEL MARTINEZ' del 15/3/2026."}
{"timestamp":"2026-03-30T17:08:21.515Z","eventType":"record_updated","message":"ADMIN APROBÓ el registro de 'FERNANDO JAVIER SORTO' del 15/3/2026."}
{"timestamp":"2026-03-30T17:08:31.144Z","eventType":"record_updated","message":"ADMIN ACTUALIZÓ registro de 'EDWIN ALEXANDER PALACIOS' (15/3/2026)."}
{"timestamp":"2026-03-30T17:08:33.224Z","eventType":"record_updated","message":"ADMIN APROBÓ el registro de 'EDWIN ALEXANDER PALACIOS' del 15/3/2026."}
{"timestamp":"2026-03-30T17:08:44.965Z","eventType":"record_updated","message":"ADMIN APROBÓ el registro de 'ANDRE DUARTE SOSA' del 15/3/2026."}
{"timestamp":"2026-03-30T17:08:48.456Z","eventType":"record_updated","message":"ADMIN APROBÓ el registro de 'VICTOR MANUEL HERNANDEZ' del 16/3/2026."}
{"timestamp":"2026-03-30T17:08:58.399Z","eventType":"record_updated","message":"ADMIN ACTUALIZÓ registro de 'ROSA DE LA PAZ CALIX' (16/3/2026)."}
{"timestamp":"2026-03-30T17:09:02.831Z","eventType":"record_updated","message":"ADMIN APROBÓ el registro de 'ROSA DE LA PAZ CALIX' del 16/3/2026."}
{"timestamp":"2026-03-30T17:09:12.295Z","eventType":"record_updated","message":"ADMIN APROBÓ el registro de 'RONALD ANTONIO GOMEZ' del 16/3/2026."}
{"timestamp":"2026-03-30T17:09:14.980Z","eventType":"record_updated","message":"ADMIN APROBÓ el registro de 'IVAN ANTONIO ZELAYA' del 16/3/2026."}
{"timestamp":"2026-03-30T17:09:17.839Z","eventType":"record_updated","message":"ADMIN APROBÓ el registro de 'GUILLERMO ALEXANDER ZELAYA' del 16/3/2026."}
{"timestamp":"2026-03-30T17:09:21.441Z","eventType":"record_updated","message":"ADMIN APROBÓ el registro de 'FREDY ALBERTO VASQUEZ' del 16/3/2026."}
{"timestamp":"2026-03-30T17:09:24.313Z","eventType":"record_updated","message":"ADMIN APROBÓ el registro de 'VICTOR MANUEL HERNANDEZ' del 17/3/2026."}
{"timestamp":"2026-03-30T17:09:32.964Z","eventType":"record_updated","message":"ADMIN APROBÓ el registro de 'RUDY ARTEMYS RIVERA' del 17/3/2026."}
{"timestamp":"2026-03-30T17:09:38.802Z","eventType":"record_updated","message":"ADMIN APROBÓ el registro de 'MARVIN JOSUE ALVARENGA' del 17/3/2026."}
{"timestamp":"2026-03-30T17:09:41.805Z","eventType":"record_updated","message":"ADMIN APROBÓ el registro de 'MARVIN JOSUE ALVARENGA' del 17/3/2026."}
{"timestamp":"2026-03-30T17:09:43.953Z","eventType":"record_updated","message":"ADMIN APROBÓ el registro de 'MARIO ERNESTO GOMEZ' del 17/3/2026."}
{"timestamp":"2026-03-30T17:09:47.511Z","eventType":"record_updated","message":"ADMIN APROBÓ el registro de 'IVAN ANTONIO ZELAYA' del 17/3/2026."}
{"timestamp":"2026-03-30T17:09:52.452Z","eventType":"record_updated","message":"ADMIN APROBÓ el registro de 'FIDEL ANGEL MARTINEZ' del 17/3/2026."}
{"timestamp":"2026-03-30T17:09:59.002Z","eventType":"record_updated","message":"ADMIN APROBÓ el registro de 'ANDRE DUARTE SOSA' del 17/3/2026."}
{"timestamp":"2026-03-30T17:10:02.883Z","eventType":"record_updated","message":"ADMIN APROBÓ el registro de 'VICTOR MANUEL HERNANDEZ' del 18/3/2026."}
{"timestamp":"2026-03-30T17:10:29.115Z","eventType":"record_updated","message":"ADMIN APROBÓ el registro de 'RONALD ANTONIO GOMEZ' del 18/3/2026."}
{"timestamp":"2026-03-30T17:10:33.373Z","eventType":"record_updated","message":"ADMIN APROBÓ el registro de 'MARVIN JOSUE ALVARENGA' del 18/3/2026."}
{"timestamp":"2026-03-30T17:10:35.466Z","eventType":"record_updated","message":"ADMIN APROBÓ el registro de 'MARVIN JOSUE ALVARENGA' del 18/3/2026."}
{"timestamp":"2026-03-30T17:10:38.114Z","eventType":"record_updated","message":"ADMIN APROBÓ el registro de 'JAVIER ARMANDO PORTILLO' del 18/3/2026."}
{"timestamp":"2026-03-30T17:10:53.684Z","eventType":"record_updated","message":"ADMIN APROBÓ el registro de 'IVAN ANTONIO ZELAYA' del 18/3/2026."}
{"timestamp":"2026-03-30T17:10:58.977Z","eventType":"record_updated","message":"ADMIN APROBÓ el registro de 'GUILLERMO ALEXANDER ZELAYA' del 18/3/2026."}
{"timestamp":"2026-03-30T17:11:04.934Z","eventType":"record_updated","message":"ADMIN APROBÓ el registro de 'FIDEL ANGEL MARTINEZ' del 18/3/2026."}
{"timestamp":"2026-03-30T17:11:07.051Z","eventType":"record_updated","message":"ADMIN APROBÓ el registro de 'VICTOR MANUEL HERNANDEZ' del 19/3/2026."}
{"timestamp":"2026-03-30T17:11:09.449Z","eventType":"record_updated","message":"ADMIN APROBÓ el registro de 'RUDY ARTEMYS RIVERA' del 19/3/2026."}
{"timestamp":"2026-03-30T17:11:13.770Z","eventType":"record_updated","message":"ADMIN APROBÓ el registro de 'RONALD ANTONIO GOMEZ' del 19/3/2026."}
{"timestamp":"2026-03-30T17:11:15.990Z","eventType":"record_updated","message":"ADMIN APROBÓ el registro de 'MARVIN JOSUE ALVARENGA' del 19/3/2026."}
{"timestamp":"2026-03-30T17:11:25.851Z","eventType":"record_updated","message":"ADMIN APROBÓ el registro de 'MARIO ERNESTO GOMEZ' del 19/3/2026."}
{"timestamp":"2026-03-30T17:11:32.514Z","eventType":"record_updated","message":"ADMIN APROBÓ el registro de 'JUAN EMILIO ULLOA' del 19/3/2026."}
{"timestamp":"2026-03-30T17:11:34.444Z","eventType":"record_updated","message":"ADMIN APROBÓ el registro de 'JUAN EMILIO ULLOA' del 19/3/2026."}
{"timestamp":"2026-03-30T17:11:36.586Z","eventType":"record_updated","message":"ADMIN APROBÓ el registro de 'IVAN ANTONIO ZELAYA' del 19/3/2026."}
{"timestamp":"2026-03-30T17:11:42.205Z","eventType":"record_updated","message":"ADMIN APROBÓ el registro de 'VICTOR MANUEL HERNANDEZ' del 20/3/2026."}
{"timestamp":"2026-03-30T17:11:44.768Z","eventType":"record_updated","message":"ADMIN APROBÓ el registro de 'RONALD ANTONIO GOMEZ' del 20/3/2026."}
{"timestamp":"2026-03-30T17:11:48.571Z","eventType":"record_updated","message":"ADMIN APROBÓ el registro de 'RONALD ANTONIO GOMEZ' del 20/3/2026."}
{"timestamp":"2026-03-30T17:11:50.950Z","eventType":"record_updated","message":"ADMIN APROBÓ el registro de 'MARVIN JOSUE ALVARENGA' del 20/3/2026."}
{"timestamp":"2026-03-30T17:11:55.511Z","eventType":"record_updated","message":"ADMIN APROBÓ el registro de 'MARIO ERNESTO GOMEZ' del 20/3/2026."}
{"timestamp":"2026-03-30T17:11:57.790Z","eventType":"record_updated","message":"ADMIN APROBÓ el registro de 'MARIO ERNESTO GOMEZ' del 20/3/2026."}
{"timestamp":"2026-03-30T17:12:00.912Z","eventType":"record_updated","message":"ADMIN APROBÓ el registro de 'JAVIER ARMANDO PORTILLO' del 20/3/2026."}
{"timestamp":"2026-03-30T17:12:04.512Z","eventType":"record_updated","message":"ADMIN APROBÓ el registro de 'IVAN ANTONIO ZELAYA' del 20/3/2026."}
{"timestamp":"2026-03-30T17:12:10.914Z","eventType":"record_updated","message":"ADMIN RECHAZÓ el registro de 'IVAN ANTONIO ZELAYA' del 20/3/2026."}
{"timestamp":"2026-03-30T17:12:14.950Z","eventType":"record_updated","message":"ADMIN APROBÓ el registro de 'EDWIN ALEXANDER PALACIOS' del 20/3/2026."}
{"timestamp":"2026-03-30T17:12:18.479Z","eventType":"record_updated","message":"ADMIN APROBÓ el registro de 'VICTOR MANUEL HERNANDEZ' del 21/3/2026."}
{"timestamp":"2026-03-30T17:12:22.929Z","eventType":"record_updated","message":"ADMIN APROBÓ el registro de 'RONALD ANTONIO GOMEZ' del 21/3/2026."}
{"timestamp":"2026-03-30T17:13:42.447Z","eventType":"record_updated","message":"ADMIN ACTUALIZÓ registro de 'MARVIN JOSUE ALVARENGA' (21/3/2026)."}
{"timestamp":"2026-03-30T17:13:48.967Z","eventType":"record_updated","message":"ADMIN APROBÓ el registro de 'MARVIN JOSUE ALVARENGA' del 21/3/2026."}
{"timestamp":"2026-03-30T17:13:56.505Z","eventType":"record_updated","message":"ADMIN APROBÓ el registro de 'MARIO ERNESTO GOMEZ' del 21/3/2026."}
{"timestamp":"2026-03-30T17:14:02.073Z","eventType":"record_updated","message":"ADMIN APROBÓ el registro de 'JAVIER ARMANDO PORTILLO' del 21/3/2026."}
{"timestamp":"2026-03-30T17:14:07.228Z","eventType":"record_updated","message":"ADMIN APROBÓ el registro de 'IVAN ANTONIO ZELAYA' del 21/3/2026."}
{"timestamp":"2026-03-30T17:14:10.848Z","eventType":"record_updated","message":"ADMIN APROBÓ el registro de 'FIDEL ANGEL MARTINEZ' del 21/3/2026."}
{"timestamp":"2026-03-30T17:14:14.437Z","eventType":"record_updated","message":"ADMIN APROBÓ el registro de 'FIDEL ANGEL MARTINEZ' del 21/3/2026."}
{"timestamp":"2026-03-30T17:14:18.680Z","eventType":"record_updated","message":"ADMIN APROBÓ el registro de 'FERNANDO JOSE ALFARO' del 21/3/2026."}
{"timestamp":"2026-03-30T17:14:23.513Z","eventType":"record_updated","message":"ADMIN APROBÓ el registro de 'DOUGLAS ENRIQUE ARGUETA' del 21/3/2026."}
{"timestamp":"2026-03-30T17:14:26.926Z","eventType":"record_updated","message":"ADMIN APROBÓ el registro de 'HENRY ALEXANDER SANTACRUZ' del 22/3/2026."}
{"timestamp":"2026-03-30T17:14:29.905Z","eventType":"record_updated","message":"ADMIN APROBÓ el registro de 'VICTOR MANUEL HERNANDEZ' del 23/3/2026."}
{"timestamp":"2026-03-30T17:14:34.920Z","eventType":"record_updated","message":"ADMIN APROBÓ el registro de 'MARVIN JOSUE ALVARENGA' del 23/3/2026."}
{"timestamp":"2026-03-30T17:14:38.038Z","eventType":"record_updated","message":"ADMIN APROBÓ el registro de 'MARIO ERNESTO GOMEZ' del 23/3/2026."}
{"timestamp":"2026-03-30T17:14:40.614Z","eventType":"record_updated","message":"ADMIN APROBÓ el registro de 'JAVIER ARMANDO PORTILLO' del 23/3/2026."}
{"timestamp":"2026-03-30T17:14:43.051Z","eventType":"record_updated","message":"ADMIN APROBÓ el registro de 'IVAN ANTONIO ZELAYA' del 23/3/2026."}
{"timestamp":"2026-03-30T17:14:45.323Z","eventType":"record_updated","message":"ADMIN APROBÓ el registro de 'FIDEL ANGEL MARTINEZ' del 23/3/2026."}
{"timestamp":"2026-03-30T17:14:51.670Z","eventType":"record_updated","message":"ADMIN APROBÓ el registro de 'WILLIAM ALEXANDER SEGOVIA' del 24/3/2026."}
{"timestamp":"2026-03-30T17:14:55.793Z","eventType":"record_updated","message":"ADMIN APROBÓ el registro de 'VICTOR MANUEL HERNANDEZ' del 24/3/2026."}
{"timestamp":"2026-03-30T17:15:00.067Z","eventType":"record_updated","message":"ADMIN APROBÓ el registro de 'RUDY ARTEMYS RIVERA' del 24/3/2026."}
{"timestamp":"2026-03-30T17:15:04.038Z","eventType":"record_updated","message":"ADMIN APROBÓ el registro de 'MARVIN JOSUE ALVARENGA' del 24/3/2026."}
{"timestamp":"2026-03-30T17:15:09.183Z","eventType":"record_updated","message":"ADMIN APROBÓ el registro de 'MARIO ERNESTO GOMEZ' del 24/3/2026."}
{"timestamp":"2026-03-30T17:15:12.048Z","eventType":"record_updated","message":"ADMIN APROBÓ el registro de 'JAVIER ARMANDO PORTILLO' del 24/3/2026."}
{"timestamp":"2026-03-30T17:15:15.837Z","eventType":"record_updated","message":"ADMIN APROBÓ el registro de 'JAVIER ARMANDO PORTILLO' del 24/3/2026."}
{"timestamp":"2026-03-30T17:15:19.481Z","eventType":"record_updated","message":"ADMIN APROBÓ el registro de 'GUILLERMO ALEXANDER ZELAYA' del 24/3/2026."}
{"timestamp":"2026-03-30T17:15:21.513Z","eventType":"record_updated","message":"ADMIN APROBÓ el registro de 'EDWIN ALEXANDER PALACIOS' del 24/3/2026."}
{"timestamp":"2026-03-30T17:15:25.507Z","eventType":"record_updated","message":"ADMIN ACTUALIZÓ registro de 'EDWIN ALEXANDER PALACIOS' (24/3/2026)."}
{"timestamp":"2026-03-30T17:15:31.369Z","eventType":"record_updated","message":"ADMIN APROBÓ el registro de 'ANDRE DUARTE SOSA' del 24/3/2026."}
{"timestamp":"2026-03-30T17:15:37.962Z","eventType":"record_updated","message":"ADMIN APROBÓ el registro de 'ADELIA NOHEMY ROMERO' del 24/3/2026."}
{"timestamp":"2026-03-30T17:15:43.514Z","eventType":"record_updated","message":"ADMIN APROBÓ el registro de 'VICTOR MANUEL HERNANDEZ' del 25/3/2026."}
{"timestamp":"2026-03-30T17:15:48.882Z","eventType":"record_updated","message":"ADMIN APROBÓ el registro de 'RONALD ANTONIO GOMEZ' del 25/3/2026."}
{"timestamp":"2026-03-30T17:15:50.949Z","eventType":"record_updated","message":"ADMIN APROBÓ el registro de 'MARVIN JOSUE ALVARENGA' del 25/3/2026."}
{"timestamp":"2026-03-30T17:15:53.012Z","eventType":"record_updated","message":"ADMIN APROBÓ el registro de 'MARIO ERNESTO GOMEZ' del 25/3/2026."}
{"timestamp":"2026-03-30T17:15:58.436Z","eventType":"record_updated","message":"ADMIN APROBÓ el registro de 'JAVIER ARMANDO PORTILLO' del 25/3/2026."}
{"timestamp":"2026-03-30T17:16:00.365Z","eventType":"record_updated","message":"ADMIN APROBÓ el registro de 'IVAN ANTONIO ZELAYA' del 25/3/2026."}
{"timestamp":"2026-03-30T17:16:05.428Z","eventType":"record_updated","message":"ADMIN APROBÓ el registro de 'GUILLERMO ALEXANDER ZELAYA' del 25/3/2026."}
{"timestamp":"2026-03-30T17:16:09.347Z","eventType":"record_updated","message":"ADMIN ACTUALIZÓ registro de 'EDWIN ALEXANDER PALACIOS' (25/3/2026)."}
{"timestamp":"2026-03-30T17:16:11.509Z","eventType":"record_updated","message":"ADMIN APROBÓ el registro de 'EDWIN ALEXANDER PALACIOS' del 25/3/2026."}
{"timestamp":"2026-03-30T17:16:47.507Z","eventType":"record_updated","message":"ADMIN APROBÓ el registro de 'VICTOR MANUEL HERNANDEZ' del 26/3/2026."}
{"timestamp":"2026-03-30T17:16:50.574Z","eventType":"record_updated","message":"ADMIN APROBÓ el registro de 'MARVIN JOSUE ALVARENGA' del 26/3/2026."}
{"timestamp":"2026-03-30T17:16:52.511Z","eventType":"record_updated","message":"ADMIN APROBÓ el registro de 'MARIO ERNESTO GOMEZ' del 26/3/2026."}
{"timestamp":"2026-03-30T17:16:55.512Z","eventType":"record_updated","message":"ADMIN RECHAZÓ el registro de 'JUAN EMILIO ULLOA' del 26/3/2026."}
{"timestamp":"2026-03-30T17:16:58.507Z","eventType":"record_updated","message":"ADMIN APROBÓ el registro de 'JUAN EMILIO ULLOA' del 26/3/2026."}
{"timestamp":"2026-03-30T17:17:00.806Z","eventType":"record_updated","message":"ADMIN APROBÓ el registro de 'JAVIER ARMANDO PORTILLO' del 26/3/2026."}
{"timestamp":"2026-03-30T17:17:04.933Z","eventType":"record_updated","message":"ADMIN RECHAZÓ el registro de 'JAVIER ARMANDO PORTILLO' del 26/3/2026."}
{"timestamp":"2026-03-30T17:17:07.510Z","eventType":"record_updated","message":"ADMIN APROBÓ el registro de 'IVAN ANTONIO ZELAYA' del 26/3/2026."}
{"timestamp":"2026-03-30T17:17:10.525Z","eventType":"record_updated","message":"ADMIN APROBÓ el registro de 'GUILLERMO ALEXANDER ZELAYA' del 26/3/2026."}
{"timestamp":"2026-03-30T17:17:12.989Z","eventType":"record_updated","message":"ADMIN APROBÓ el registro de 'WILLIAM ALEXANDER SEGOVIA' del 27/3/2026."}
{"timestamp":"2026-03-30T17:17:14.733Z","eventType":"record_updated","message":"ADMIN APROBÓ el registro de 'VICTOR MANUEL HERNANDEZ' del 27/3/2026."}
{"timestamp":"2026-03-30T17:17:26.300Z","eventType":"record_updated","message":"ADMIN ACTUALIZÓ registro de 'ROBERTO ANTONIO VELIS' (27/3/2026)."}
{"timestamp":"2026-03-30T17:17:28.532Z","eventType":"record_updated","message":"ADMIN APROBÓ el registro de 'ROBERTO ANTONIO VELIS' del 27/3/2026."}
{"timestamp":"2026-03-30T17:17:51.696Z","eventType":"record_updated","message":"ADMIN APROBÓ el registro de 'MARVIN JOSUE ALVARENGA' del 27/3/2026."}
{"timestamp":"2026-03-30T17:18:14.013Z","eventType":"record_updated","message":"ADMIN APROBÓ el registro de 'JUAN EMILIO ULLOA' del 27/3/2026."}
{"timestamp":"2026-03-30T17:18:44.739Z","eventType":"record_updated","message":"ADMIN ACTUALIZÓ registro de 'JUAN EMILIO ULLOA' (27/3/2026)."}
{"timestamp":"2026-03-30T17:18:51.709Z","eventType":"record_updated","message":"ADMIN APROBÓ el registro de 'JUAN EMILIO ULLOA' del 27/3/2026."}
{"timestamp":"2026-03-30T17:19:03.261Z","eventType":"record_updated","message":"ADMIN APROBÓ el registro de 'WILLIAM ALEXANDER SEGOVIA' del 28/3/2026."}
{"timestamp":"2026-03-30T17:19:14.986Z","eventType":"record_updated","message":"ADMIN APROBÓ el registro de 'WILLIAM ALEXANDER SEGOVIA' del 28/3/2026."}
{"timestamp":"2026-03-30T17:19:44.146Z","eventType":"record_updated","message":"ADMIN APROBÓ el registro de 'WALTER ALEXANDER VELASQUEZ' del 28/3/2026."}
{"timestamp":"2026-03-30T17:19:49.866Z","eventType":"record_updated","message":"ADMIN APROBÓ el registro de 'WALTER ALEXANDER VELASQUEZ' del 28/3/2026."}
{"timestamp":"2026-03-30T17:20:30.115Z","eventType":"record_updated","message":"ADMIN APROBÓ el registro de 'VICTOR MANUEL HERNANDEZ' del 28/3/2026."}
{"timestamp":"2026-03-30T17:20:35.508Z","eventType":"record_updated","message":"ADMIN APROBÓ el registro de 'RONALD ANTONIO GOMEZ' del 28/3/2026."}
{"timestamp":"2026-03-30T17:20:37.997Z","eventType":"record_updated","message":"ADMIN APROBÓ el registro de 'RONALD ANTONIO GOMEZ' del 28/3/2026."}
{"timestamp":"2026-03-30T17:20:43.263Z","eventType":"record_updated","message":"ADMIN APROBÓ el registro de 'MARVIN JOSUE ALVARENGA' del 28/3/2026."}
{"timestamp":"2026-03-30T17:20:48.238Z","eventType":"record_updated","message":"ADMIN APROBÓ el registro de 'MARVIN JOSUE ALVARENGA' del 28/3/2026."}
{"timestamp":"2026-03-30T17:20:57.508Z","eventType":"record_updated","message":"ADMIN APROBÓ el registro de 'MARVIN JOSUE ALVARENGA' del 28/3/2026."}
{"timestamp":"2026-03-30T17:21:02.779Z","eventType":"record_updated","message":"ADMIN APROBÓ el registro de 'MARIO ERNESTO GOMEZ' del 28/3/2026."}
{"timestamp":"2026-03-30T17:21:12.512Z","eventType":"record_updated","message":"ADMIN APROBÓ el registro de 'JOSE GUILLERMO HENRIQUEZ' del 28/3/2026."}
{"timestamp":"2026-03-30T17:21:16.498Z","eventType":"record_updated","message":"ADMIN APROBÓ el registro de 'GUILLERMO ALEXANDER ZELAYA' del 28/3/2026."}
{"timestamp":"2026-03-30T17:21:28.172Z","eventType":"record_updated","message":"ADMIN APROBÓ el registro de 'WALTER ALEXANDER VELASQUEZ' del 29/3/2026."}
{"timestamp":"2026-03-30T17:21:36.363Z","eventType":"record_updated","message":"ADMIN APROBÓ el registro de 'JOSE GUILLERMO HENRIQUEZ' del 29/3/2026."}
{"timestamp":"2026-03-30T17:21:41.512Z","eventType":"record_updated","message":"ADMIN ACTUALIZÓ registro de 'HENRY ALEXANDER SANTACRUZ' (29/3/2026)."}
{"timestamp":"2026-03-30T17:21:43.745Z","eventType":"record_updated","message":"ADMIN APROBÓ el registro de 'HENRY ALEXANDER SANTACRUZ' del 29/3/2026."}
{"timestamp":"2026-03-30T17:21:46.983Z","eventType":"record_updated","message":"ADMIN APROBÓ el registro de 'GUILLERMO ALEXANDER ZELAYA' del 29/3/2026."}
{"timestamp":"2026-03-30T17:21:48.969Z","eventType":"record_updated","message":"ADMIN APROBÓ el registro de 'GUILLERMO ALEXANDER ZELAYA' del 29/3/2026."}
{"timestamp":"2026-03-30T17:21:52.511Z","eventType":"record_updated","message":"ADMIN APROBÓ el registro de 'VICTOR MANUEL HERNANDEZ' del 30/3/2026."}
{"timestamp":"2026-03-30T18:14:43.015Z","eventType":"record_updated","message":"ADMIN RECHAZÓ el registro de 'JAVIER ARMANDO PORTILLO' del 25/3/2026."}
{"timestamp":"2026-03-30T18:14:50.086Z","eventType":"record_updated","message":"ADMIN RECHAZÓ el registro de 'JAVIER ARMANDO PORTILLO' del 24/3/2026."}
{"timestamp":"2026-03-30T18:14:58.013Z","eventType":"record_updated","message":"ADMIN RECHAZÓ el registro de 'JAVIER ARMANDO PORTILLO' del 24/3/2026."}
{"timestamp":"2026-03-30T18:15:05.683Z","eventType":"record_updated","message":"ADMIN RECHAZÓ el registro de 'JAVIER ARMANDO PORTILLO' del 23/3/2026."}
{"timestamp":"2026-03-30T18:15:14.360Z","eventType":"record_updated","message":"ADMIN RECHAZÓ el registro de 'JAVIER ARMANDO PORTILLO' del 21/3/2026."}
{"timestamp":"2026-03-30T18:15:22.507Z","eventType":"record_updated","message":"ADMIN RECHAZÓ el registro de 'JAVIER ARMANDO PORTILLO' del 20/3/2026."}
{"timestamp":"2026-03-30T18:15:29.880Z","eventType":"record_updated","message":"ADMIN RECHAZÓ el registro de 'JAVIER ARMANDO PORTILLO' del 18/3/2026."}
{"timestamp":"2026-03-30T18:17:25.149Z","eventType":"employee_updated","message":"EMPLEADO ACTUALIZADO: '[5] VICTOR MANUEL HERNANDEZ'. Cambios: Rango Jefe: Activado."}
{"timestamp":"2026-03-30T18:18:06.158Z","eventType":"employee_created","message":"NUEVO EMPLEADO: Se creó a '[59] PEDRO VICENTE CHICAS' asignado a la sucursal 'SAN MIGUEL' con un salario de $700. Jefe: SI."}
{"timestamp":"2026-03-31T14:31:15.394Z","eventType":"record_updated","message":"ADMIN APROBÓ el registro de 'VICTOR MANUEL HERNANDEZ' del 31/3/2026."}
{"timestamp":"2026-04-01T18:59:20.667Z","eventType":"employee_created","message":"NUEVO EMPLEADO: Se creó a '[60] CARLOS ENRIQUE BARQUERO FLORES' asignado a la sucursal 'SAN VICENTE' con un salario de $408.8. Jefe: NO."}
{"timestamp":"2026-04-01T18:59:31.943Z","eventType":"employee_updated","message":"EMPLEADO ACTUALIZADO: '[60] CARLOS ENRIQUE BARQUERO FLORES'. Sin cambios significativos."}
{"timestamp":"2026-04-01T19:37:02.269Z","eventType":"employee_updated","message":"EMPLEADO ACTUALIZADO: '[38] JAIRO GUEVARA'. Cambios: Sucursal a 'SAN MIGUEL', Rango Jefe: Desactivado."}
{"timestamp":"2026-04-01T19:39:33.043Z","eventType":"employee_updated","message":"EMPLEADO ACTUALIZADO: '[46] NAOMI LINETTE HERNANDEZ'. Cambios: Estado a 'active'."}
{"timestamp":"2026-04-01T19:41:53.021Z","eventType":"employee_created","message":"NUEVO EMPLEADO: Se creó a '[61] MARIA GLORIA HERNANDEZ ZELAYA' asignado a la sucursal 'SAN MIGUEL' con un salario de $408.8. Jefe: NO."}
{"timestamp":"2026-04-01T19:47:59.425Z","eventType":"employee_updated","message":"EMPLEADO ACTUALIZADO: '[46] NAOMI LINETTE CHAVEZ GARCIA'. Cambios: Nombre a 'NAOMI LINETTE CHAVEZ GARCIA', Rango Jefe: Desactivado."}
{"timestamp":"2026-04-01T19:48:09.458Z","eventType":"employee_updated","message":"EMPLEADO ACTUALIZADO: '[46] NAOMI LINETTE CHAVEZ GARCIA'. Cambios: Salario a $450."}
{"timestamp":"2026-04-03T02:49:37.936Z","eventType":"employee_updated","message":"EMPLEADO ACTUALIZADO: '[52] JESSICA BEATRIZ HERNANDEZ CHICA'. Cambios: Nombre a 'JESSICA BEATRIZ HERNANDEZ CHICA', Rango Jefe: Desactivado."}
{"timestamp":"2026-04-03T02:49:44.891Z","eventType":"employee_updated","message":"EMPLEADO ACTUALIZADO: '[52] JESSICA BEATRIZ HERNANDEZ CHICA'. Cambios: Estado a 'active'."}
{"timestamp":"2026-04-03T02:52:55.161Z","eventType":"employee_created","message":"NUEVO EMPLEADO: Se creó a '[62] CARLOS MAURO CHAVEZ ALVARENGA' asignado a la sucursal 'SAN MIGUEL' con un salario de $1700. Jefe: NO."}
{"timestamp":"2026-04-03T02:54:12.913Z","eventType":"employee_updated","message":"EMPLEADO ACTUALIZADO: '[2] RAUL ALEXANDER CHICAS GUTIERREZ'. Cambios: Nombre a 'RAUL ALEXANDER CHICAS GUTIERREZ', Rango Jefe: Desactivado."}
{"timestamp":"2026-04-03T02:54:57.443Z","eventType":"employee_updated","message":"EMPLEADO ACTUALIZADO: '[3] FIDEL ANGEL MARTINEZ NIETO'. Cambios: Nombre a 'FIDEL ANGEL MARTINEZ NIETO', Rango Jefe: Desactivado."}
{"timestamp":"2026-04-03T02:58:29.409Z","eventType":"employee_updated","message":"EMPLEADO ACTUALIZADO: '[4] FRANKLIN WILFREDO COREAS AQUINO'. Cambios: Nombre a 'FRANKLIN WILFREDO COREAS AQUINO', Rango Jefe: Desactivado."}
{"timestamp":"2026-04-03T02:59:14.916Z","eventType":"employee_updated","message":"EMPLEADO ACTUALIZADO: '[5] VICTOR MANUEL HERNANDEZ FUENTES'. Cambios: Nombre a 'VICTOR MANUEL HERNANDEZ FUENTES'."}
{"timestamp":"2026-04-03T03:00:36.819Z","eventType":"employee_updated","message":"EMPLEADO ACTUALIZADO: '[6] FERNANDO JAVIER SORTO MEDRANO'. Cambios: Nombre a 'FERNANDO JAVIER SORTO MEDRANO', Rango Jefe: Desactivado."}
{"timestamp":"2026-04-03T03:01:01.183Z","eventType":"employee_updated","message":"EMPLEADO ACTUALIZADO: '[62] CARLOS MAURO CHAVEZ ALVARENGA'. Cambios: Rango Jefe: Activado."}
{"timestamp":"2026-04-03T03:01:59.634Z","eventType":"employee_updated","message":"EMPLEADO ACTUALIZADO: '[28] RAFAEL ANTONIO ALFARO RIVAS'. Cambios: Nombre a 'RAFAEL ANTONIO ALFARO RIVAS', Rango Jefe: Desactivado."}
{"timestamp":"2026-04-03T03:03:13.711Z","eventType":"employee_updated","message":"EMPLEADO ACTUALIZADO: '[45] STEFANY YAMILETH RIVAS MENDIOLA'. Cambios: Nombre a 'STEFANY YAMILETH RIVAS MENDIOLA', Salario a $500, Rango Jefe: Desactivado."}
{"timestamp":"2026-04-03T03:03:17.053Z","eventType":"employee_updated","message":"EMPLEADO ACTUALIZADO: '[45] STEFANY YAMILETH RIVAS MENDIOLA'. Cambios: Estado a 'active'."}
{"timestamp":"2026-04-03T03:04:46.678Z","eventType":"employee_updated","message":"EMPLEADO ACTUALIZADO: '[7] WALTER ALEXANDER VELASQUEZ GOMEZ'. Cambios: Nombre a 'WALTER ALEXANDER VELASQUEZ GOMEZ', Rango Jefe: Desactivado."}
{"timestamp":"2026-04-03T03:06:33.922Z","eventType":"employee_updated","message":"EMPLEADO ACTUALIZADO: '[8] RONALD ANTONIO GOMEZ PRIVADO'. Cambios: Nombre a 'RONALD ANTONIO GOMEZ PRIVADO', Rango Jefe: Desactivado."}
{"timestamp":"2026-04-03T03:07:11.936Z","eventType":"employee_updated","message":"EMPLEADO ACTUALIZADO: '[22] OSCAR ADAN RAMIREZ RAMIREZ'. Cambios: Nombre a 'OSCAR ADAN RAMIREZ RAMIREZ', Rango Jefe: Desactivado."}
{"timestamp":"2026-04-03T03:08:01.925Z","eventType":"employee_updated","message":"EMPLEADO ACTUALIZADO: '[23] JORGE MARLON HERNANDEZ LUNA'. Cambios: Nombre a 'JORGE MARLON HERNANDEZ LUNA', Salario a $408.8, Rango Jefe: Desactivado."}
{"timestamp":"2026-04-03T03:08:28.685Z","eventType":"employee_updated","message":"EMPLEADO ACTUALIZADO: '[9] EDWIN ALEXANDER PALACIOS LINO'. Cambios: Nombre a 'EDWIN ALEXANDER PALACIOS LINO', Rango Jefe: Desactivado."}
{"timestamp":"2026-04-03T03:09:03.913Z","eventType":"employee_updated","message":"EMPLEADO ACTUALIZADO: '[54] MARIA TOMASA REYES MEJIA'. Cambios: Nombre a 'MARIA TOMASA REYES MEJIA', Rango Jefe: Desactivado."}
{"timestamp":"2026-04-03T03:09:07.202Z","eventType":"employee_updated","message":"EMPLEADO ACTUALIZADO: '[54] MARIA TOMASA REYES MEJIA'. Cambios: Estado a 'active'."}
{"timestamp":"2026-04-03T03:10:26.918Z","eventType":"employee_updated","message":"EMPLEADO ACTUALIZADO: '[55] FANNY YAMILETH CRUZ COREAS'. Cambios: Nombre a 'FANNY YAMILETH CRUZ COREAS', Rango Jefe: Desactivado."}
{"timestamp":"2026-04-03T03:10:30.340Z","eventType":"employee_updated","message":"EMPLEADO ACTUALIZADO: '[55] FANNY YAMILETH CRUZ COREAS'. Cambios: Estado a 'active'."}
{"timestamp":"2026-04-03T03:28:17.387Z","eventType":"employee_updated","message":"EMPLEADO ACTUALIZADO: '[33] JOSUE DANIEL SOSA GODINEZ'. Cambios: Nombre a 'JOSUE DANIEL SOSA GODINEZ', Rango Jefe: Desactivado."}
{"timestamp":"2026-04-03T03:28:54.821Z","eventType":"employee_updated","message":"EMPLEADO ACTUALIZADO: '[34] KEVIN ANTONIO MUNTO RAMIREZ'. Cambios: Nombre a 'KEVIN ANTONIO MUNTO RAMIREZ', Rango Jefe: Desactivado."}
{"timestamp":"2026-04-03T03:32:36.299Z","eventType":"employee_updated","message":"EMPLEADO ACTUALIZADO: '[57] KATHERINE ELIZABETH VANEGAS DIAZ'. Cambios: Nombre a 'KATHERINE ELIZABETH VANEGAS DIAZ', Rango Jefe: Desactivado."}
{"timestamp":"2026-04-03T03:32:39.618Z","eventType":"employee_updated","message":"EMPLEADO ACTUALIZADO: '[57] KATHERINE ELIZABETH VANEGAS DIAZ'. Cambios: Estado a 'active'."}
{"timestamp":"2026-04-03T03:47:01.551Z","eventType":"employee_updated","message":"EMPLEADO ACTUALIZADO: '[35] MILTON DAVID MENJIVAR GRANILLO'. Cambios: Nombre a 'MILTON DAVID MENJIVAR GRANILLO', Salario a $450, Rango Jefe: Desactivado."}
{"timestamp":"2026-04-03T03:51:58.360Z","eventType":"employee_updated","message":"EMPLEADO ACTUALIZADO: '[36] WIDMAN RAFAEL LUCHA GALLARDO'. Cambios: Nombre a 'WIDMAN RAFAEL LUCHA GALLARDO', Rango Jefe: Desactivado."}
{"timestamp":"2026-04-03T03:52:37.889Z","eventType":"employee_updated","message":"EMPLEADO ACTUALIZADO: '[15] MARVIN JOSUE ALVARENGA GUERRERO'. Cambios: Nombre a 'MARVIN JOSUE ALVARENGA GUERRERO', Rango Jefe: Desactivado."}
{"timestamp":"2026-04-03T03:58:16.636Z","eventType":"employee_updated","message":"EMPLEADO ACTUALIZADO: '[30] DOUGLAS ENRIQUE ARGUETA AYALA'. Cambios: Nombre a 'DOUGLAS ENRIQUE ARGUETA AYALA', Rango Jefe: Desactivado."}
{"timestamp":"2026-04-03T03:59:08.663Z","eventType":"employee_updated","message":"EMPLEADO ACTUALIZADO: '[31] BRAYAN ESTIVEN AYALA AYALA'. Cambios: Nombre a 'BRAYAN ESTIVEN AYALA AYALA', Rango Jefe: Desactivado."}
{"timestamp":"2026-04-03T03:59:55.222Z","eventType":"employee_updated","message":"EMPLEADO ACTUALIZADO: '[44] ADELIA NOHEMY VALVERDE ROMERO'. Cambios: Nombre a 'ADELIA NOHEMY VALVERDE ROMERO', Salario a $450, Rango Jefe: Desactivado."}
{"timestamp":"2026-04-03T04:00:44.723Z","eventType":"employee_updated","message":"EMPLEADO ACTUALIZADO: '[17] KARLA SOFIA LOVO CORDOVA'. Cambios: Nombre a 'KARLA SOFIA LOVO CORDOVA', Salario a $500, Rango Jefe: Desactivado."}
{"timestamp":"2026-04-03T04:04:40.839Z","eventType":"employee_updated","message":"EMPLEADO ACTUALIZADO: '[39] WILLIAM ULISES PARADA BONILLA'. Cambios: Nombre a 'WILLIAM ULISES PARADA BONILLA', Salario a $500, Rango Jefe: Desactivado."}
{"timestamp":"2026-04-03T15:36:59.967Z","eventType":"employee_updated","message":"EMPLEADO ACTUALIZADO: '[18] MARIO ERNESTO GOMEZ ROMERO'. Cambios: Nombre a 'MARIO ERNESTO GOMEZ ROMERO', Rango Jefe: Desactivado."}
{"timestamp":"2026-04-03T15:37:43.476Z","eventType":"employee_updated","message":"EMPLEADO ACTUALIZADO: '[19] HENRY ALEXANDER SANTACRUZ BLANCO'. Cambios: Nombre a 'HENRY ALEXANDER SANTACRUZ BLANCO', Rango Jefe: Desactivado."}
{"timestamp":"2026-04-03T15:38:33.419Z","eventType":"employee_updated","message":"EMPLEADO ACTUALIZADO: '[38] JAIRO ANTONIO HERNANDEZ GUEVARA'. Cambios: Nombre a 'JAIRO ANTONIO HERNANDEZ GUEVARA', Salario a $500."}
{"timestamp":"2026-04-03T15:39:15.874Z","eventType":"employee_updated","message":"EMPLEADO ACTUALIZADO: '[24] FREDY ALBERTO VASQUEZ VIGIL'. Cambios: Nombre a 'FREDY ALBERTO VASQUEZ VIGIL', Rango Jefe: Desactivado."}
{"timestamp":"2026-04-03T15:41:55.158Z","eventType":"branch_created","message":"Nueva sucursal creada: 'SAN SALVADOR'. Asistencia: NO."}
{"timestamp":"2026-04-03T15:43:06.634Z","eventType":"employee_created","message":"NUEVO EMPLEADO: Se creó a '[63] IRVIN WILFREDO HERNANDEZ LIPE' asignado a la sucursal 'SAN SALVADOR' con un salario de $1300. Jefe: NO."}
{"timestamp":"2026-04-03T15:49:01.391Z","eventType":"employee_updated","message":"EMPLEADO ACTUALIZADO: '[48] YANIRA ESTEFANY GOMEZ ASCENCIO'. Cambios: Nombre a 'YANIRA ESTEFANY GOMEZ ASCENCIO', Rango Jefe: Desactivado."}
{"timestamp":"2026-04-03T15:49:04.883Z","eventType":"employee_updated","message":"EMPLEADO ACTUALIZADO: '[48] YANIRA ESTEFANY GOMEZ ASCENCIO'. Cambios: Estado a 'active'."}
{"timestamp":"2026-04-03T15:51:59.278Z","eventType":"employee_updated","message":"EMPLEADO ACTUALIZADO: '[20] JUAN EMILIO ULLOA GOMEZ'. Cambios: Nombre a 'JUAN EMILIO ULLOA GOMEZ', Rango Jefe: Desactivado."}
{"timestamp":"2026-04-03T15:52:47.810Z","eventType":"employee_created","message":"NUEVO EMPLEADO: Se creó a '[64] EDITH XIOMARA BENITEZ DE ROBLES' asignado a la sucursal 'SAN SALVADOR' con un salario de $408.8. Jefe: NO."}
{"timestamp":"2026-04-03T16:23:40.267Z","eventType":"employee_updated","message":"EMPLEADO ACTUALIZADO: '[64] EDITH XIOMARA BENITEZ DE ROSALES'. Cambios: Nombre a 'EDITH XIOMARA BENITEZ DE ROSALES'."}
{"timestamp":"2026-04-03T16:24:15.938Z","eventType":"employee_created","message":"NUEVO EMPLEADO: Se creó a '[65] GLENDA CAROLINA MEJIA CHAVEZ' asignado a la sucursal 'SAN SALVADOR' con un salario de $500. Jefe: NO."}
{"timestamp":"2026-04-03T16:26:03.320Z","eventType":"employee_created","message":"NUEVO EMPLEADO: Se creó a '[66] YANIRA CECILIA LEMUS ROMERO' asignado a la sucursal 'SAN SALVADOR' con un salario de $1000. Jefe: NO."}
{"timestamp":"2026-04-03T16:28:45.938Z","eventType":"employee_updated","message":"EMPLEADO ACTUALIZADO: '[40] DANIEL ALESSANDRO ROSALES GONZALES'. Cambios: Nombre a 'DANIEL ALESSANDRO ROSALES GONZALES', Salario a $500, Rango Jefe: Desactivado."}
{"timestamp":"2026-04-03T16:29:55.799Z","eventType":"employee_updated","message":"EMPLEADO ACTUALIZADO: '[49] CARLOS EDUARDO MEJIA LUNA'. Cambios: Nombre a 'CARLOS EDUARDO MEJIA LUNA', Salario a $500, Rango Jefe: Desactivado."}
{"timestamp":"2026-04-03T16:31:08.859Z","eventType":"employee_updated","message":"EMPLEADO ACTUALIZADO: '[32] FERNANDO JOSE ALFARO PALACIOS'. Cambios: Nombre a 'FERNANDO JOSE ALFARO PALACIOS', Rango Jefe: Desactivado."}
{"timestamp":"2026-04-03T16:31:55.744Z","eventType":"employee_updated","message":"EMPLEADO ACTUALIZADO: '[43] ROSA DE LA PAZ CALIX SERRANO'. Cambios: Nombre a 'ROSA DE LA PAZ CALIX SERRANO', Rango Jefe: Desactivado."}
{"timestamp":"2026-04-03T16:33:25.470Z","eventType":"employee_updated","message":"EMPLEADO ACTUALIZADO: '[56] STEPHANIE LISETH SALAZAR DIAZ'. Cambios: Nombre a 'STEPHANIE LISETH SALAZAR DIAZ', Rango Jefe: Desactivado."}
{"timestamp":"2026-04-03T16:34:13.784Z","eventType":"employee_updated","message":"EMPLEADO ACTUALIZADO: '[50] KATHERINE TATIANA RAMOS'. Cambios: Estado a 'active'."}
{"timestamp":"2026-04-03T16:34:27.366Z","eventType":"employee_updated","message":"EMPLEADO ACTUALIZADO: '[50] KATHERINE TATIANA AMAYA RAMOS'. Cambios: Nombre a 'KATHERINE TATIANA AMAYA RAMOS', Rango Jefe: Desactivado."}
{"timestamp":"2026-04-03T16:35:16.073Z","eventType":"employee_updated","message":"EMPLEADO ACTUALIZADO: '[53] JOSE ROLANDO CHICA MENDEZ'. Cambios: Nombre a 'JOSE ROLANDO CHICA MENDEZ', Rango Jefe: Desactivado."}
{"timestamp":"2026-04-03T16:35:18.760Z","eventType":"employee_updated","message":"EMPLEADO ACTUALIZADO: '[53] JOSE ROLANDO CHICA MENDEZ'. Cambios: Estado a 'active'."}
{"timestamp":"2026-04-03T16:37:10.592Z","eventType":"employee_updated","message":"EMPLEADO ACTUALIZADO: '[56] STEPHANIE LISETH SALAZAR DIAZ'. Cambios: Estado a 'active'."}
{"timestamp":"2026-04-03T16:37:26.384Z","eventType":"employee_updated","message":"EMPLEADO ACTUALIZADO: '[41] STEVEN EFRAIN MEDRANO DEL CID'. Cambios: Nombre a 'STEVEN EFRAIN MEDRANO DEL CID', Rango Jefe: Desactivado."}
{"timestamp":"2026-04-03T16:39:19.101Z","eventType":"employee_updated","message":"EMPLEADO ACTUALIZADO: '[58] WILFREDO ALEXANDER ESPINOZA HERRERA'. Cambios: Nombre a 'WILFREDO ALEXANDER ESPINOZA HERRERA', Rango Jefe: Desactivado."}
{"timestamp":"2026-04-03T16:39:34.363Z","eventType":"employee_updated","message":"EMPLEADO ACTUALIZADO: '[58] WILFREDO ALEXANDER ESPINOZA HERRERA'. Cambios: Estado a 'active'."}
{"timestamp":"2026-04-03T16:40:04.804Z","eventType":"employee_updated","message":"EMPLEADO ACTUALIZADO: '[58] WILFREDO ALEXANDER ESPINOZA HERRERA'. Cambios: Rango Jefe: Activado."}
{"timestamp":"2026-04-03T16:40:50.173Z","eventType":"employee_created","message":"NUEVO EMPLEADO: Se creó a '[67] ERICK EDMUNDO CANDRAY RUIZ' asignado a la sucursal 'SAN SALVADOR' con un salario de $800. Jefe: NO."}
{"timestamp":"2026-04-03T16:42:21.698Z","eventType":"employee_created","message":"NUEVO EMPLEADO: Se creó a '[68] JUAN CARLOS VIERA VILLAVICENCIO' asignado a la sucursal 'SAN SALVADOR' con un salario de $1256.8. Jefe: NO."}
{"timestamp":"2026-04-03T16:43:06.145Z","eventType":"employee_updated","message":"EMPLEADO ACTUALIZADO: '[51] DIAZ RICARDO JOSUE'. Cambios: Estado a 'active'."}
{"timestamp":"2026-04-03T16:43:26.954Z","eventType":"employee_updated","message":"EMPLEADO ACTUALIZADO: '[51] RICARDO JOSUE ALAS DIAZ'. Cambios: Nombre a 'RICARDO JOSUE ALAS DIAZ', Rango Jefe: Desactivado."}
{"timestamp":"2026-04-03T16:45:19.063Z","eventType":"employee_created","message":"NUEVO EMPLEADO: Se creó a '[69] KEILY YAMILETH NAVARRO DIAZ' asignado a la sucursal 'SAN MIGUEL' con un salario de $408.8. Jefe: NO."}
{"timestamp":"2026-04-03T16:46:47.935Z","eventType":"employee_created","message":"NUEVO EMPLEADO: Se creó a '[70] JOSE RODOLFO VASQUEZ' asignado a la sucursal 'SAN MIGUEL' con un salario de $500. Jefe: NO."}
{"timestamp":"2026-04-03T16:47:29.761Z","eventType":"employee_created","message":"NUEVO EMPLEADO: Se creó a '[71] ELSA MARCELA FLORES SERPAS' asignado a la sucursal 'USULUTAN' con un salario de $500. Jefe: SI."}
{"timestamp":"2026-04-03T16:50:39.212Z","eventType":"employee_created","message":"NUEVO EMPLEADO: Se creó a '[72] DAVID ULISES VELIS REYES' asignado a la sucursal 'SAN MIGUEL' con un salario de $600. Jefe: SI."}
{"timestamp":"2026-04-03T16:52:19.515Z","eventType":"employee_created","message":"NUEVO EMPLEADO: Se creó a '[73] ROBERTH JONATHAN CORTEZ PEREZ' asignado a la sucursal 'MORAZAN' con un salario de $408.8. Jefe: NO."}
{"timestamp":"2026-04-03T16:54:36.673Z","eventType":"employee_created","message":"NUEVO EMPLEADO: Se creó a '[74] NELSY JOHANNA DIAZ DE CHICAS' asignado a la sucursal 'MORAZAN' con un salario de $408.8. Jefe: NO."}
{"timestamp":"2026-04-03T16:56:34.426Z","eventType":"employee_created","message":"NUEVO EMPLEADO: Se creó a '[75] KEVIN ALEXANDER MARTINEZ PINTO' asignado a la sucursal 'CARA SUCIA' con un salario de $408.8. Jefe: NO."}
{"timestamp":"2026-04-03T17:00:02.152Z","eventType":"employee_created","message":"NUEVO EMPLEADO: Se creó a '[76] CRISTY YAMILETH RAMOS CHICAS' asignado a la sucursal 'SAN MIGUEL' con un salario de $408.8. Jefe: NO."}
{"timestamp":"2026-04-03T17:00:33.086Z","eventType":"employee_created","message":"NUEVO EMPLEADO: Se creó a '[77] MARJORIE MARIELA LARA MOLINA' asignado a la sucursal 'SAN MIGUEL' con un salario de $408.8. Jefe: NO."}
{"timestamp":"2026-04-03T17:07:02.827Z","eventType":"employee_created","message":"NUEVO EMPLEADO: Se creó a '[78] CARLOS ALFREDO MARTINEZ FLORES' asignado a la sucursal 'SAN MIGUEL' con un salario de $408.8. Jefe: NO."}
{"timestamp":"2026-04-03T17:08:33.807Z","eventType":"employee_updated","message":"EMPLEADO ACTUALIZADO: '[1] IVAN ANTONIO ZELAYA PORTILLO'. Cambios: Nombre a 'IVAN ANTONIO ZELAYA PORTILLO', Rango Jefe: Desactivado."}
{"timestamp":"2026-04-03T17:08:44.620Z","eventType":"employee_updated","message":"EMPLEADO ACTUALIZADO: '[3] FIDEL ANGEL MARTINEZ NIETO'. Cambios: Rango Jefe: Activado."}
{"timestamp":"2026-04-03T17:09:04.892Z","eventType":"employee_updated","message":"EMPLEADO ACTUALIZADO: '[11] ROBERTO ANTONIO VELIS DIAZ'. Cambios: Nombre a 'ROBERTO ANTONIO VELIS DIAZ', Rango Jefe: Activado."}
{"timestamp":"2026-04-03T17:09:54.665Z","eventType":"employee_updated","message":"EMPLEADO ACTUALIZADO: '[10] JAVIER ARMANDO PORTILLO CHAVEZ'. Cambios: Nombre a 'JAVIER ARMANDO PORTILLO CHAVEZ', Rango Jefe: Desactivado."}
{"timestamp":"2026-04-03T17:10:42.114Z","eventType":"employee_updated","message":"EMPLEADO ACTUALIZADO: '[12] GUILLERMO ALEXANDER ZELAYA PORTILLO'. Cambios: Nombre a 'GUILLERMO ALEXANDER ZELAYA PORTILLO', Rango Jefe: Desactivado."}
{"timestamp":"2026-04-03T17:12:40.578Z","eventType":"employee_updated","message":"EMPLEADO ACTUALIZADO: '[14] JOSUE  DANIEL CHICAS ROMERO'. Cambios: Nombre a 'JOSUE  DANIEL CHICAS ROMERO', Rango Jefe: Desactivado."}
{"timestamp":"2026-04-03T17:15:19.275Z","eventType":"employee_updated","message":"EMPLEADO ACTUALIZADO: '[21] JOSE EVELIO RAMIREZ HERNANDEZ'. Cambios: Nombre a 'JOSE EVELIO RAMIREZ HERNANDEZ', Rango Jefe: Desactivado."}
{"timestamp":"2026-04-03T17:23:54.130Z","eventType":"employee_created","message":"NUEVO EMPLEADO: Se creó a '[79] JOEL WILLIAM HERNANDEZ RODRIGUEZ' asignado a la sucursal 'SAN MIGUEL' con un salario de $1000. Jefe: NO."}
{"timestamp":"2026-04-03T17:25:25.308Z","eventType":"employee_updated","message":"EMPLEADO ACTUALIZADO: '[21] JOSE EVELIO RAMIREZ RAMIREZ'. Cambios: Nombre a 'JOSE EVELIO RAMIREZ RAMIREZ'."}
{"timestamp":"2026-04-03T17:27:05.917Z","eventType":"employee_updated","message":"EMPLEADO ACTUALIZADO: '[64] EDITH XIOMARA BENITEZ DE ROBLES'. Cambios: Nombre a 'EDITH XIOMARA BENITEZ DE ROBLES'."}
{"timestamp":"2026-04-03T17:27:56.394Z","eventType":"employee_updated","message":"EMPLEADO ACTUALIZADO: '[40] DANIEL ALESSANDRO ROSALES GONZALEZ'. Cambios: Nombre a 'DANIEL ALESSANDRO ROSALES GONZALEZ'."}
{"timestamp":"2026-04-03T17:28:21.644Z","eventType":"employee_created","message":"NUEVO EMPLEADO: Se creó a '[80] ZAYRA LISSETH REYES DE GOMEZ' asignado a la sucursal 'SAN MIGUEL' con un salario de $450. Jefe: NO."}
{"timestamp":"2026-04-03T17:28:47.494Z","eventType":"employee_created","message":"NUEVO EMPLEADO: Se creó a '[81] ALEXANDER ARNOLDO GOMEZ QUINTANILLA' asignado a la sucursal 'SAN MIGUEL' con un salario de $450. Jefe: NO."}
{"timestamp":"2026-04-03T17:29:21.071Z","eventType":"employee_created","message":"NUEVO EMPLEADO: Se creó a '[82] PATRICIA GUADALUPE COLON SORTO' asignado a la sucursal 'SAN SALVADOR' con un salario de $4000. Jefe: NO."}
{"timestamp":"2026-04-03T17:34:06.327Z","eventType":"employee_updated","message":"EMPLEADO ACTUALIZADO: '[14] JOSUE  DANIEL ROMERO CHICAS'. Cambios: Nombre a 'JOSUE  DANIEL ROMERO CHICAS', Salario a $450."}
{"timestamp":"2026-04-03T17:35:04.442Z","eventType":"employee_updated","message":"EMPLEADO ACTUALIZADO: '[12] GUILLERMO ALEXANDER ZELAYA PORTILLO'. Sin cambios significativos."}
{"timestamp":"2026-04-05T02:27:18.188Z","eventType":"device_revoked","message":"Dispositivo revocado para la sucursal 'SAN VICENTE'."}
{"timestamp":"2026-04-05T02:27:18.190Z","eventType":"branch_updated","message":"Sucursal 'SAN VICENTE' actualizada. Asistencia: NO."}
{"timestamp":"2026-04-06T16:25:15.768Z","eventType":"record_updated","message":"ADMIN APROBÓ el registro de 'ROBERTO ANTONIO VELIS' del 31/3/2026."}
{"timestamp":"2026-04-06T19:13:07.810Z","eventType":"record_updated","message":"ADMIN RECHAZÓ el registro de 'JAIRO ANTONIO HERNANDEZ GUEVARA' del 6/4/2026."}
{"timestamp":"2026-04-07T00:46:12.594Z","eventType":"record_updated","message":"ADMIN RECHAZÓ el registro de 'JAIRO ANTONIO HERNANDEZ GUEVARA' del 2/4/2026."}
{"timestamp":"2026-04-07T00:46:14.715Z","eventType":"record_updated","message":"ADMIN APROBÓ el registro de 'JAIRO ANTONIO HERNANDEZ GUEVARA' del 6/4/2026."}
{"timestamp":"2026-04-07T00:46:16.772Z","eventType":"record_updated","message":"ADMIN RECHAZÓ el registro de 'JAIRO ANTONIO HERNANDEZ GUEVARA' del 6/4/2026."}
{"timestamp":"2026-04-07T19:59:35.687Z","eventType":"record_updated","message":"ADMIN APROBÓ el registro de 'RONALD ANTONIO GOMEZ PRIVADO' del 31/3/2026."}
{"timestamp":"2026-04-08T19:18:29.308Z","eventType":"record_updated","message":"ADMIN APROBÓ el registro de 'VICTOR MANUEL HERNANDEZ FUENTES' del 31/3/2026."}
{"timestamp":"2026-04-08T19:18:40.172Z","eventType":"record_updated","message":"ADMIN APROBÓ el registro de 'RUDY ARTEMYS RIVERA' del 31/3/2026."}
{"timestamp":"2026-04-08T19:18:55.153Z","eventType":"record_updated","message":"ADMIN APROBÓ el registro de 'MARVIN JOSUE ALVARENGA' del 31/3/2026."}
{"timestamp":"2026-04-08T19:19:09.462Z","eventType":"record_updated","message":"ADMIN APROBÓ el registro de 'MARIO ERNESTO GOMEZ' del 31/3/2026."}
{"timestamp":"2026-04-08T19:19:16.925Z","eventType":"record_updated","message":"ADMIN APROBÓ el registro de 'JOSUE  DANIEL ROMERO CHICAS' del 31/3/2026."}
{"timestamp":"2026-04-08T19:19:23.369Z","eventType":"record_updated","message":"ADMIN APROBÓ el registro de 'IVAN ANTONIO ZELAYA' del 31/3/2026."}
{"timestamp":"2026-04-08T19:19:34.616Z","eventType":"record_updated","message":"ADMIN APROBÓ el registro de 'GUILLERMO ALEXANDER ZELAYA PORTILLO' del 31/3/2026."}
{"timestamp":"2026-04-08T19:19:52.872Z","eventType":"record_updated","message":"ADMIN APROBÓ el registro de 'FRANKLIN WILFREDO COREAS' del 31/3/2026."}
{"timestamp":"2026-04-08T19:19:58.822Z","eventType":"record_updated","message":"ADMIN APROBÓ el registro de 'FIDEL ANGEL MARTINEZ' del 31/3/2026."}
{"timestamp":"2026-04-08T19:20:13.160Z","eventType":"record_updated","message":"ADMIN APROBÓ el registro de 'FIDEL ANGEL MARTINEZ' del 31/3/2026."}
{"timestamp":"2026-04-08T19:20:16.643Z","eventType":"record_updated","message":"ADMIN APROBÓ el registro de 'VICTOR MANUEL HERNANDEZ FUENTES' del 1/4/2026."}
{"timestamp":"2026-04-08T19:20:31.349Z","eventType":"record_updated","message":"ADMIN APROBÓ el registro de 'MARVIN JOSUE ALVARENGA' del 1/4/2026."}
{"timestamp":"2026-04-08T19:20:55.242Z","eventType":"record_updated","message":"ADMIN APROBÓ el registro de 'KEVIN ANTONIO MUNTO RAMIREZ' del 1/4/2026."}
{"timestamp":"2026-04-08T19:21:16.994Z","eventType":"record_updated","message":"ADMIN APROBÓ el registro de 'KEVIN ALEXANDER MARTINEZ PINTO' del 1/4/2026."}
{"timestamp":"2026-04-08T19:21:23.850Z","eventType":"record_updated","message":"ADMIN APROBÓ el registro de 'JOSUE  DANIEL ROMERO CHICAS' del 1/4/2026."}
{"timestamp":"2026-04-08T19:21:50.654Z","eventType":"record_updated","message":"ADMIN APROBÓ el registro de 'JOSUE  DANIEL ROMERO CHICAS' del 1/4/2026."}
{"timestamp":"2026-04-08T19:21:58.229Z","eventType":"record_updated","message":"ADMIN APROBÓ el registro de 'JOSUE DANIEL SOSA GODINEZ' del 1/4/2026."}
{"timestamp":"2026-04-08T19:22:09.849Z","eventType":"record_updated","message":"ADMIN APROBÓ el registro de 'IVAN ANTONIO ZELAYA' del 1/4/2026."}
{"timestamp":"2026-04-08T19:22:13.798Z","eventType":"record_updated","message":"ADMIN APROBÓ el registro de 'FRANKLIN WILFREDO COREAS' del 1/4/2026."}
{"timestamp":"2026-04-08T19:22:17.896Z","eventType":"record_updated","message":"ADMIN APROBÓ el registro de 'FIDEL ANGEL MARTINEZ' del 1/4/2026."}
{"timestamp":"2026-04-08T19:28:03.440Z","eventType":"record_updated","message":"ADMIN ACTUALIZÓ registro de 'ROSA DE LA PAZ CALIX' (2/4/2026)."}
{"timestamp":"2026-04-09T13:36:39.453Z","eventType":"employee_updated","message":"EMPLEADO ACTUALIZADO: '[15] MARVIN JOSUE ALVARENGA GUERRERO'. Cambios: PIN cambiado."}
{"timestamp":"2026-04-09T13:36:39.673Z","eventType":"employee_updated","message":"El Administrador cambió el PIN de 'MARVIN JOSUE ALVARENGA GUERRERO'."}
{"timestamp":"2026-04-09T13:37:21.056Z","eventType":"employee_updated","message":"EMPLEADO ACTUALIZADO: '[15] MARVIN JOSUE ALVARENGA GUERRERO'. Cambios: PIN cambiado."}
{"timestamp":"2026-04-09T13:37:21.398Z","eventType":"employee_updated","message":"El Administrador cambió el PIN de 'MARVIN JOSUE ALVARENGA GUERRERO'."}
{"timestamp":"2026-04-10T21:35:36.149Z","eventType":"record_created","message":"ADMIN CREÓ registro para 'ROSA DE LA PAZ CALIX SERRANO' (Fecha: 10/4/2026). Actividad: POR AJUSTE DE HORAS EXTRAS."}
{"timestamp":"2026-04-10T21:37:12.938Z","eventType":"record_updated","message":"ADMIN ACTUALIZÓ registro de 'ROSA DE LA PAZ CALIX SERRANO' (2/4/2026)."}
{"timestamp":"2026-04-10T21:37:38.922Z","eventType":"record_updated","message":"ADMIN APROBÓ el registro de 'ROSA DE LA PAZ CALIX' del 2/4/2026."}
{"timestamp":"2026-04-10T21:39:01.196Z","eventType":"record_created","message":"ADMIN CREÓ registro para 'ROSA DE LA PAZ CALIX SERRANO' (Fecha: 2/4/2026). Actividad: POR AJUSTES DE HORAS EXTRAS."}
{"timestamp":"2026-04-10T21:39:12.166Z","eventType":"record_updated","message":"ADMIN ACTUALIZÓ registro de 'JOSE GUILLERMO HENRIQUEZ' (2/4/2026)."}
{"timestamp":"2026-04-10T21:39:16.144Z","eventType":"record_updated","message":"ADMIN ACTUALIZÓ registro de 'JORGE MARLON HERNANDEZ LUNA' (2/4/2026)."}
{"timestamp":"2026-04-10T21:39:22.927Z","eventType":"record_deleted","message":"ADMIN ELIMINÓ registro de 'JAIRO ANTONIO HERNANDEZ GUEVARA' del 2/4/2026."}
{"timestamp":"2026-04-10T21:39:28.433Z","eventType":"record_updated","message":"ADMIN ACTUALIZÓ registro de 'GUILLERMO ALEXANDER ZELAYA PORTILLO' (2/4/2026)."}
{"timestamp":"2026-04-10T21:39:35.189Z","eventType":"record_updated","message":"ADMIN ACTUALIZÓ registro de 'FREDY ALBERTO VASQUEZ VIGIL' (2/4/2026)."}
{"timestamp":"2026-04-10T21:39:40.759Z","eventType":"record_updated","message":"ADMIN ACTUALIZÓ registro de 'EDWIN ALEXANDER PALACIOS LINO' (2/4/2026)."}
{"timestamp":"2026-04-10T21:39:53.427Z","eventType":"record_updated","message":"ADMIN ACTUALIZÓ registro de 'CHRISTIAN DE JESUS SEGOVIA' (2/4/2026)."}
{"timestamp":"2026-04-10T21:39:58.065Z","eventType":"record_updated","message":"ADMIN ACTUALIZÓ registro de 'CARLOS ENRIQUE BARQUERO FLORES' (2/4/2026)."}
{"timestamp":"2026-04-10T21:40:07.756Z","eventType":"record_updated","message":"ADMIN ACTUALIZÓ registro de 'BRAYAN ESTIVEN AYALA AYALA' (2/4/2026)."}
{"timestamp":"2026-04-10T21:40:18.636Z","eventType":"record_updated","message":"ADMIN APROBÓ el registro de 'BRAYAN ESTIVEN AYALA AYALA' del 2/4/2026."}
{"timestamp":"2026-04-10T21:40:21.299Z","eventType":"record_updated","message":"ADMIN ACTUALIZÓ registro de 'BRAYAN ESTIVEN AYALA AYALA' (2/4/2026)."}
{"timestamp":"2026-04-10T21:40:24.147Z","eventType":"record_updated","message":"ADMIN APROBÓ el registro de 'BRAYAN ESTIVEN AYALA AYALA' del 2/4/2026."}
{"timestamp":"2026-04-10T21:40:25.989Z","eventType":"record_updated","message":"ADMIN APROBÓ el registro de 'CARLOS ENRIQUE BARQUERO FLORES' del 2/4/2026."}
{"timestamp":"2026-04-10T21:40:29.182Z","eventType":"record_updated","message":"ADMIN APROBÓ el registro de 'CHRISTIAN DE JESUS SEGOVIA' del 2/4/2026."}
{"timestamp":"2026-04-10T21:40:34.922Z","eventType":"record_updated","message":"ADMIN APROBÓ el registro de 'EDWIN ALEXANDER PALACIOS LINO' del 2/4/2026."}
{"timestamp":"2026-04-10T21:40:36.642Z","eventType":"record_updated","message":"ADMIN APROBÓ el registro de 'FREDY ALBERTO VASQUEZ VIGIL' del 2/4/2026."}
{"timestamp":"2026-04-10T21:40:38.096Z","eventType":"record_updated","message":"ADMIN APROBÓ el registro de 'GUILLERMO ALEXANDER ZELAYA PORTILLO' del 2/4/2026."}
{"timestamp":"2026-04-10T21:40:39.334Z","eventType":"record_updated","message":"ADMIN APROBÓ el registro de 'JORGE MARLON HERNANDEZ LUNA' del 2/4/2026."}
{"timestamp":"2026-04-10T21:40:40.936Z","eventType":"record_updated","message":"ADMIN APROBÓ el registro de 'JOSE GUILLERMO HENRIQUEZ' del 2/4/2026."}
{"timestamp":"2026-04-10T21:40:50.771Z","eventType":"record_updated","message":"ADMIN APROBÓ el registro de 'OSCAR ADAN RAMIREZ RAMIREZ' del 3/4/2026."}
{"timestamp":"2026-04-10T21:40:52.245Z","eventType":"record_updated","message":"ADMIN ACTUALIZÓ registro de 'OSCAR ADAN RAMIREZ RAMIREZ' (3/4/2026)."}
{"timestamp":"2026-04-10T21:41:08.187Z","eventType":"record_updated","message":"ADMIN ACTUALIZÓ registro de 'KEVIN ALEXANDER MARTINEZ PINTO' (3/4/2026)."}
{"timestamp":"2026-04-10T21:41:10.570Z","eventType":"record_updated","message":"ADMIN APROBÓ el registro de 'KEVIN ALEXANDER MARTINEZ PINTO' del 3/4/2026."}
{"timestamp":"2026-04-10T21:41:12.252Z","eventType":"record_updated","message":"ADMIN ACTUALIZÓ registro de 'JOSUE  DANIEL ROMERO CHICAS' (3/4/2026)."}
{"timestamp":"2026-04-10T21:41:14.326Z","eventType":"record_updated","message":"ADMIN APROBÓ el registro de 'JOSUE  DANIEL ROMERO CHICAS' del 3/4/2026."}
{"timestamp":"2026-04-10T21:41:15.750Z","eventType":"record_updated","message":"ADMIN APROBÓ el registro de 'JOSUE DANIEL SOSA GODINEZ' del 3/4/2026."}
{"timestamp":"2026-04-10T21:41:19.674Z","eventType":"record_updated","message":"ADMIN ACTUALIZÓ registro de 'JOSUE DANIEL SOSA GODINEZ' (3/4/2026)."}
{"timestamp":"2026-04-10T21:41:21.730Z","eventType":"record_updated","message":"ADMIN ACTUALIZÓ registro de 'HENRY ALEXANDER SANTACRUZ BLANCO' (3/4/2026)."}
{"timestamp":"2026-04-10T21:41:24.778Z","eventType":"record_updated","message":"ADMIN APROBÓ el registro de 'HENRY ALEXANDER SANTACRUZ BLANCO' del 3/4/2026."}
{"timestamp":"2026-04-10T21:42:21.924Z","eventType":"record_updated","message":"ADMIN ACTUALIZÓ registro de 'FERNANDO JOSE ALFARO PALACIOS' (3/4/2026)."}
{"timestamp":"2026-04-10T21:43:45.709Z","eventType":"record_created","message":"ADMIN CREÓ registro para 'FERNANDO JOSE ALFARO PALACIOS' (Fecha: 3/4/2026). Actividad: AJUSTE DE HORAS EXTRAS."}
{"timestamp":"2026-04-10T21:47:21.781Z","eventType":"record_updated","message":"ADMIN APROBÓ el registro de 'DANIEL ALESSANDRO ROSALES GONZALEZ' del 3/4/2026."}
{"timestamp":"2026-04-10T21:47:24.952Z","eventType":"record_updated","message":"ADMIN ACTUALIZÓ registro de 'DANIEL ALESSANDRO ROSALES GONZALEZ' (3/4/2026)."}
{"timestamp":"2026-04-10T21:48:21.746Z","eventType":"record_created","message":"ADMIN CREÓ registro para 'DANIEL ALESSANDRO ROSALES GONZALEZ' (Fecha: 10/4/2026). Actividad: AJUSTE DE HORAS EXTRAS."}
{"timestamp":"2026-04-10T21:48:38.887Z","eventType":"record_updated","message":"ADMIN ACTUALIZÓ registro de 'DANIEL ALESSANDRO ROSALES GONZALEZ' (3/4/2026)."}
{"timestamp":"2026-04-10T21:50:10.749Z","eventType":"record_created","message":"ADMIN CREÓ registro para 'DANIEL ALESSANDRO ROSALES GONZALEZ' (Fecha: 3/4/2026). Actividad: AJUSTE DE HE."}
{"timestamp":"2026-04-10T21:50:17.509Z","eventType":"record_updated","message":"ADMIN APROBÓ el registro de 'DOUGLAS ENRIQUE ARGUETA AYALA' del 3/4/2026."}
{"timestamp":"2026-04-10T21:51:20.395Z","eventType":"record_updated","message":"ADMIN ACTUALIZÓ registro de 'BRAYAN ESTIVEN AYALA AYALA' (3/4/2026)."}
{"timestamp":"2026-04-10T21:51:23.660Z","eventType":"record_updated","message":"ADMIN APROBÓ el registro de 'BRAYAN ESTIVEN AYALA AYALA' del 3/4/2026."}
{"timestamp":"2026-04-10T21:51:29.947Z","eventType":"record_updated","message":"ADMIN APROBÓ el registro de 'DANIEL ALESSANDRO ROSALES GONZALEZ' del 3/4/2026."}
{"timestamp":"2026-04-10T21:51:41.836Z","eventType":"record_updated","message":"ADMIN ACTUALIZÓ registro de 'WILLIAM ALEXANDER SEGOVIA' (4/4/2026)."}
{"timestamp":"2026-04-10T21:51:51.706Z","eventType":"record_updated","message":"ADMIN APROBÓ el registro de 'KEVIN ALEXANDER MARTINEZ PINTO' del 4/4/2026."}
{"timestamp":"2026-04-10T21:51:53.161Z","eventType":"record_updated","message":"ADMIN APROBÓ el registro de 'WILLIAM ALEXANDER SEGOVIA' del 4/4/2026."}
{"timestamp":"2026-04-10T21:51:56.026Z","eventType":"record_updated","message":"ADMIN ACTUALIZÓ registro de 'KEVIN ALEXANDER MARTINEZ PINTO' (4/4/2026)."}
{"timestamp":"2026-04-10T21:51:58.099Z","eventType":"record_updated","message":"ADMIN ACTUALIZÓ registro de 'JOSUE  DANIEL ROMERO CHICAS' (4/4/2026)."}
{"timestamp":"2026-04-10T21:52:02.165Z","eventType":"record_updated","message":"ADMIN APROBÓ el registro de 'JOSUE  DANIEL ROMERO CHICAS' del 4/4/2026."}
{"timestamp":"2026-04-10T21:52:06.848Z","eventType":"record_updated","message":"ADMIN APROBÓ el registro de 'JOSUE DANIEL SOSA GODINEZ' del 4/4/2026."}
{"timestamp":"2026-04-10T21:52:10.919Z","eventType":"record_updated","message":"ADMIN ACTUALIZÓ registro de 'JOSUE DANIEL SOSA GODINEZ' (4/4/2026)."}
{"timestamp":"2026-04-10T21:52:12.819Z","eventType":"record_updated","message":"ADMIN ACTUALIZÓ registro de 'FERNANDO JOSE ALFARO PALACIOS' (4/4/2026)."}
{"timestamp":"2026-04-10T21:52:14.457Z","eventType":"record_updated","message":"ADMIN APROBÓ el registro de 'FERNANDO JOSE ALFARO PALACIOS' del 4/4/2026."}
{"timestamp":"2026-04-10T21:52:21.632Z","eventType":"record_updated","message":"ADMIN APROBÓ el registro de 'EDWIN ALEXANDER PALACIOS LINO' del 4/4/2026."}
{"timestamp":"2026-04-10T21:52:23.877Z","eventType":"record_updated","message":"ADMIN ACTUALIZÓ registro de 'EDWIN ALEXANDER PALACIOS LINO' (4/4/2026)."}
{"timestamp":"2026-04-10T21:53:14.471Z","eventType":"record_updated","message":"ADMIN ACTUALIZÓ registro de 'DOUGLAS ENRIQUE ARGUETA AYALA' (4/4/2026)."}
{"timestamp":"2026-04-10T21:53:17.135Z","eventType":"record_updated","message":"ADMIN ACTUALIZÓ registro de 'DANIEL ALESSANDRO ROSALES GONZALEZ' (4/4/2026)."}
{"timestamp":"2026-04-10T21:53:22.251Z","eventType":"record_updated","message":"ADMIN APROBÓ el registro de 'DOUGLAS ENRIQUE ARGUETA AYALA' del 4/4/2026."}
{"timestamp":"2026-04-10T21:53:24.303Z","eventType":"record_updated","message":"ADMIN APROBÓ el registro de 'DANIEL ALESSANDRO ROSALES GONZALEZ' del 4/4/2026."}
{"timestamp":"2026-04-10T21:53:38.022Z","eventType":"record_updated","message":"ADMIN ACTUALIZÓ registro de 'CHRISTIAN DE JESUS SEGOVIA' (4/4/2026)."}
{"timestamp":"2026-04-10T21:53:40.065Z","eventType":"record_updated","message":"ADMIN APROBÓ el registro de 'CHRISTIAN DE JESUS SEGOVIA' del 4/4/2026."}
{"timestamp":"2026-04-10T21:56:07.504Z","eventType":"record_updated","message":"ADMIN ACTUALIZÓ registro de 'DOUGLAS ENRIQUE ARGUETA AYALA' (3/4/2026)."}
{"timestamp":"2026-04-10T21:56:18.924Z","eventType":"record_updated","message":"ADMIN APROBÓ el registro de 'RICARDO JOSUE ALAS DIAZ' del 5/4/2026."}
{"timestamp":"2026-04-10T21:56:20.912Z","eventType":"record_updated","message":"ADMIN APROBÓ el registro de 'JOSUE  DANIEL ROMERO CHICAS' del 5/4/2026."}
{"timestamp":"2026-04-10T21:56:26.922Z","eventType":"record_updated","message":"ADMIN APROBÓ el registro de 'HENRY ALEXANDER SANTACRUZ BLANCO' del 5/4/2026."}
{"timestamp":"2026-04-10T21:56:28.907Z","eventType":"record_updated","message":"ADMIN APROBÓ el registro de 'VICTOR MANUEL HERNANDEZ FUENTES' del 6/4/2026."}
{"timestamp":"2026-04-10T21:57:55.474Z","eventType":"record_updated","message":"ADMIN RECHAZÓ el registro de 'MARVIN JOSUE ALVARENGA' del 6/4/2026."}
{"timestamp":"2026-04-10T21:57:57.117Z","eventType":"record_updated","message":"ADMIN RECHAZÓ el registro de 'MARIO ERNESTO GOMEZ ROMERO' del 6/4/2026."}
{"timestamp":"2026-04-10T21:58:05.002Z","eventType":"record_updated","message":"ADMIN APROBÓ el registro de 'JOSUE  DANIEL ROMERO CHICAS' del 6/4/2026."}
{"timestamp":"2026-04-10T21:58:24.117Z","eventType":"record_updated","message":"ADMIN RECHAZÓ el registro de 'IVAN ANTONIO ZELAYA' del 6/4/2026."}
{"timestamp":"2026-04-10T21:58:29.273Z","eventType":"record_deleted","message":"ADMIN ELIMINÓ registro de 'JAIRO ANTONIO HERNANDEZ GUEVARA' del 6/4/2026."}
{"timestamp":"2026-04-10T21:58:34.871Z","eventType":"record_deleted","message":"ADMIN ELIMINÓ registro de 'JAIRO ANTONIO HERNANDEZ GUEVARA' del 6/4/2026."}
{"timestamp":"2026-04-10T21:59:07.769Z","eventType":"record_updated","message":"ADMIN APROBÓ el registro de 'GUILLERMO ALEXANDER ZELAYA PORTILLO' del 6/4/2026."}
{"timestamp":"2026-04-10T21:59:12.686Z","eventType":"record_updated","message":"ADMIN RECHAZÓ el registro de 'FRANKLIN WILFREDO COREAS AQUINO' del 6/4/2026."}
{"timestamp":"2026-04-10T21:59:25.177Z","eventType":"record_updated","message":"ADMIN APROBÓ el registro de 'FERNANDO JOSE ALFARO PALACIOS' del 6/4/2026."}
{"timestamp":"2026-04-10T21:59:30.209Z","eventType":"record_updated","message":"ADMIN ACTUALIZÓ registro de 'EDWIN ALEXANDER PALACIOS LINO' (6/4/2026)."}
{"timestamp":"2026-04-10T21:59:32.141Z","eventType":"record_updated","message":"ADMIN APROBÓ el registro de 'EDWIN ALEXANDER PALACIOS LINO' del 6/4/2026."}
{"timestamp":"2026-04-10T21:59:37.672Z","eventType":"record_updated","message":"ADMIN APROBÓ el registro de 'DOUGLAS ENRIQUE ARGUETA AYALA' del 6/4/2026."}
{"timestamp":"2026-04-10T21:59:46.838Z","eventType":"record_updated","message":"ADMIN APROBÓ el registro de 'WALTER ALEXANDER VELASQUEZ GOMEZ' del 7/4/2026."}
{"timestamp":"2026-04-10T22:00:00.319Z","eventType":"record_updated","message":"ADMIN APROBÓ el registro de 'VICTOR MANUEL HERNANDEZ FUENTES' del 7/4/2026."}
{"timestamp":"2026-04-10T22:00:12.118Z","eventType":"record_updated","message":"ADMIN APROBÓ el registro de 'VICTOR MANUEL HERNANDEZ FUENTES' del 7/4/2026."}
{"timestamp":"2026-04-10T22:00:25.801Z","eventType":"record_updated","message":"ADMIN APROBÓ el registro de 'RUDY ARTEMYS RIVERA' del 7/4/2026."}
{"timestamp":"2026-04-10T22:00:36.976Z","eventType":"record_updated","message":"ADMIN APROBÓ el registro de 'RICARDO JOSUE ALAS DIAZ' del 7/4/2026."}
{"timestamp":"2026-04-10T22:03:19.119Z","eventType":"record_updated","message":"ADMIN RECHAZÓ el registro de 'MARVIN JOSUE ALVARENGA' del 7/4/2026."}
{"timestamp":"2026-04-10T22:03:22.118Z","eventType":"record_updated","message":"ADMIN APROBÓ el registro de 'MARVIN JOSUE ALVARENGA' del 7/4/2026."}
{"timestamp":"2026-04-10T22:03:26.862Z","eventType":"record_updated","message":"ADMIN APROBÓ el registro de 'MARIO ERNESTO GOMEZ ROMERO' del 7/4/2026."}
{"timestamp":"2026-04-10T22:03:36.662Z","eventType":"record_updated","message":"ADMIN APROBÓ el registro de 'JUAN EMILIO ULLOA GOMEZ' del 7/4/2026."}
{"timestamp":"2026-04-10T22:03:40.816Z","eventType":"record_updated","message":"ADMIN APROBÓ el registro de 'JOSUE  DANIEL ROMERO CHICAS' del 7/4/2026."}
{"timestamp":"2026-04-10T22:03:47.772Z","eventType":"record_updated","message":"ADMIN APROBÓ el registro de 'JOSUE  DANIEL ROMERO CHICAS' del 7/4/2026."}
{"timestamp":"2026-04-10T22:03:53.798Z","eventType":"record_updated","message":"ADMIN APROBÓ el registro de 'IVAN ANTONIO ZELAYA' del 7/4/2026."}
{"timestamp":"2026-04-10T22:04:04.463Z","eventType":"record_updated","message":"ADMIN RECHAZÓ el registro de 'FRANKLIN WILFREDO COREAS AQUINO' del 7/4/2026."}
{"timestamp":"2026-04-10T22:04:11.519Z","eventType":"record_updated","message":"ADMIN APROBÓ el registro de 'FRANKLIN WILFREDO COREAS AQUINO' del 7/4/2026."}
{"timestamp":"2026-04-10T22:04:23.617Z","eventType":"record_updated","message":"ADMIN APROBÓ el registro de 'FIDEL ANGEL MARTINEZ' del 7/4/2026."}
{"timestamp":"2026-04-10T22:04:28.340Z","eventType":"record_updated","message":"ADMIN ACTUALIZÓ registro de 'EDWIN ALEXANDER PALACIOS LINO' (7/4/2026)."}
{"timestamp":"2026-04-10T22:04:29.818Z","eventType":"record_updated","message":"ADMIN APROBÓ el registro de 'EDWIN ALEXANDER PALACIOS LINO' del 7/4/2026."}
{"timestamp":"2026-04-10T22:04:36.298Z","eventType":"record_updated","message":"ADMIN APROBÓ el registro de 'ANDRE DUARTE SOSA' del 7/4/2026."}
{"timestamp":"2026-04-10T22:04:39.520Z","eventType":"record_updated","message":"ADMIN APROBÓ el registro de 'VICTOR MANUEL HERNANDEZ FUENTES' del 8/4/2026."}
{"timestamp":"2026-04-10T22:04:50.090Z","eventType":"record_updated","message":"ADMIN APROBÓ el registro de 'RUDY ARTEMYS RIVERA' del 8/4/2026."}
{"timestamp":"2026-04-10T22:05:42.040Z","eventType":"record_updated","message":"ADMIN RECHAZÓ el registro de 'MARIO ERNESTO GOMEZ ROMERO' del 8/4/2026."}
{"timestamp":"2026-04-10T22:05:48.481Z","eventType":"record_updated","message":"ADMIN APROBÓ el registro de 'IVAN ANTONIO ZELAYA' del 8/4/2026."}
{"timestamp":"2026-04-10T22:05:52.166Z","eventType":"record_updated","message":"ADMIN RECHAZÓ el registro de 'GUILLERMO ALEXANDER ZELAYA PORTILLO' del 8/4/2026."}
{"timestamp":"2026-04-10T22:06:04.979Z","eventType":"record_updated","message":"ADMIN APROBÓ el registro de 'FIDEL ANGEL MARTINEZ' del 8/4/2026."}
{"timestamp":"2026-04-10T22:06:19.978Z","eventType":"record_updated","message":"ADMIN APROBÓ el registro de 'FERNANDO JOSE ALFARO PALACIOS' del 8/4/2026."}
{"timestamp":"2026-04-10T22:06:25.277Z","eventType":"record_updated","message":"ADMIN ACTUALIZÓ registro de 'EDWIN ALEXANDER PALACIOS LINO' (8/4/2026)."}
{"timestamp":"2026-04-10T22:06:27.249Z","eventType":"record_updated","message":"ADMIN APROBÓ el registro de 'EDWIN ALEXANDER PALACIOS LINO' del 8/4/2026."}
{"timestamp":"2026-04-10T22:06:31.855Z","eventType":"record_updated","message":"ADMIN APROBÓ el registro de 'DOUGLAS ENRIQUE ARGUETA AYALA' del 8/4/2026."}
{"timestamp":"2026-04-10T22:07:13.662Z","eventType":"record_updated","message":"ADMIN APROBÓ el registro de 'MARVIN JOSUE ALVARENGA' del 9/4/2026."}
{"timestamp":"2026-04-10T22:07:17.691Z","eventType":"record_updated","message":"ADMIN APROBÓ el registro de 'IVAN ANTONIO ZELAYA' del 9/4/2026."}
{"timestamp":"2026-04-10T22:07:26.715Z","eventType":"record_updated","message":"ADMIN APROBÓ el registro de 'IVAN ANTONIO ZELAYA' del 9/4/2026."}
{"timestamp":"2026-04-10T22:07:29.978Z","eventType":"record_updated","message":"ADMIN APROBÓ el registro de 'FIDEL ANGEL MARTINEZ' del 9/4/2026."}
{"timestamp":"2026-04-10T22:07:31.412Z","eventType":"record_updated","message":"ADMIN APROBÓ el registro de 'FIDEL ANGEL MARTINEZ' del 9/4/2026."}
{"timestamp":"2026-04-10T22:11:11.595Z","eventType":"record_updated","message":"ADMIN APROBÓ el registro de 'VICTOR MANUEL HERNANDEZ FUENTES' del 10/4/2026."}
{"timestamp":"2026-04-10T22:11:31.861Z","eventType":"record_updated","message":"ADMIN APROBÓ el registro de 'DANIEL ALESSANDRO ROSALES GONZALEZ' del 3/4/2026."}
{"timestamp":"2026-04-10T22:11:37.196Z","eventType":"record_updated","message":"ADMIN APROBÓ el registro de 'FERNANDO JOSE ALFARO PALACIOS' del 3/4/2026."}
{"timestamp":"2026-04-10T22:23:57.806Z","eventType":"record_updated","message":"ADMIN ACTUALIZÓ registro de 'VICTOR MANUEL HERNANDEZ FUENTES' (9/4/2026)."}
{"timestamp":"2026-04-10T22:24:01.695Z","eventType":"record_updated","message":"ADMIN APROBÓ el registro de 'VICTOR MANUEL HERNANDEZ FUENTES' del 9/4/2026."}
{"timestamp":"2026-04-10T22:25:32.642Z","eventType":"record_created","message":"ADMIN CREÓ registro para 'VICTOR MANUEL HERNANDEZ FUENTES' (Fecha: 9/4/2026). Actividad: AJUSTE DE HE."}
{"timestamp":"2026-04-10T22:26:26.306Z","eventType":"record_created","message":"ADMIN CREÓ registro para 'VICTOR MANUEL HERNANDEZ FUENTES' (Fecha: 9/4/2026). Actividad: AJUSTE DE HE-TARDE."}
{"timestamp":"2026-04-10T22:26:38.175Z","eventType":"record_updated","message":"ADMIN APROBÓ el registro de 'VICTOR MANUEL HERNANDEZ FUENTES' del 9/4/2026."}
{"timestamp":"2026-04-10T22:37:41.199Z","eventType":"record_created","message":"ADMIN CREÓ registro para 'DANIEL ALESSANDRO ROSALES GONZALEZ' (Fecha: 10/4/2026). Actividad: AJUSTES DE HE POR DIA ADICIONAL-MATUTINO."}
{"timestamp":"2026-04-10T22:37:44.021Z","eventType":"record_updated","message":"ADMIN APROBÓ el registro de 'DANIEL ALESSANDRO ROSALES GONZALEZ' del 10/4/2026."}
{"timestamp":"2026-04-10T22:38:38.082Z","eventType":"record_created","message":"ADMIN CREÓ registro para 'DANIEL ALESSANDRO ROSALES GONZALEZ' (Fecha: 4/4/2026). Actividad: AJUSTE HE POR DIA ADICIONAL-VESPERTINO."}
{"timestamp":"2026-04-10T22:38:48.084Z","eventType":"record_updated","message":"ADMIN ACTUALIZÓ registro de 'DANIEL ALESSANDRO ROSALES GONZALEZ' (4/4/2026)."}
{"timestamp":"2026-04-10T22:38:51.204Z","eventType":"record_updated","message":"ADMIN APROBÓ el registro de 'DANIEL ALESSANDRO ROSALES GONZALEZ' del 4/4/2026."}
{"timestamp":"2026-04-12T19:20:18.758Z","eventType":"record_updated","message":"ADMIN APROBÓ el registro de 'ANDRE DUARTE SOSA' del 11/4/2026."}
{"timestamp":"2026-04-12T19:20:37.810Z","eventType":"record_updated","message":"ADMIN APROBÓ el registro de 'GUILLERMO ALEXANDER ZELAYA PORTILLO' del 11/4/2026."}
{"timestamp":"2026-04-12T19:21:11.833Z","eventType":"record_updated","message":"ADMIN APROBÓ el registro de 'IVAN ANTONIO ZELAYA' del 11/4/2026."}
{"timestamp":"2026-04-12T19:21:21.954Z","eventType":"record_updated","message":"ADMIN ACTUALIZÓ registro de 'MARVIN JOSUE ALVARENGA' (11/4/2026)."}
{"timestamp":"2026-04-12T19:21:24.706Z","eventType":"record_updated","message":"ADMIN APROBÓ el registro de 'MARVIN JOSUE ALVARENGA' del 11/4/2026."}
{"timestamp":"2026-04-12T19:21:44.170Z","eventType":"record_updated","message":"ADMIN APROBÓ el registro de 'VICTOR MANUEL HERNANDEZ FUENTES' del 11/4/2026."}
{"timestamp":"2026-04-12T19:25:49.331Z","eventType":"record_updated","message":"ADMIN APROBÓ el registro de 'FIDEL ANGEL MARTINEZ' del 10/4/2026."}
{"timestamp":"2026-04-12T19:26:02.340Z","eventType":"record_updated","message":"ADMIN APROBÓ el registro de 'GUILLERMO ALEXANDER ZELAYA PORTILLO' del 10/4/2026."}
{"timestamp":"2026-04-12T19:26:15.632Z","eventType":"record_updated","message":"ADMIN APROBÓ el registro de 'IVAN ANTONIO ZELAYA' del 10/4/2026."}
{"timestamp":"2026-04-12T19:27:19.886Z","eventType":"record_updated","message":"ADMIN ACTUALIZÓ registro de 'WILFREDO ALEXANDER ESPINOZA HERRERA' (10/4/2026)."}
{"timestamp":"2026-04-12T19:27:24.483Z","eventType":"record_updated","message":"ADMIN RECHAZÓ el registro de 'WILFREDO ALEXANDER ESPINOZA HERRERA' del 10/4/2026."}
{"timestamp":"2026-04-13T21:31:30.340Z","eventType":"employee_updated","message":"EMPLEADO ACTUALIZADO: '[82] PATRICIA GUADALUPE COLON SORTO'. Cambios: PIN cambiado."}
{"timestamp":"2026-04-13T21:31:30.974Z","eventType":"employee_updated","message":"El Administrador cambió el PIN de 'PATRICIA GUADALUPE COLON SORTO'."}
{"timestamp":"2026-04-13T23:39:11.217Z","eventType":"record_updated","message":"ADMIN APROBÓ el registro de 'VICTOR MANUEL HERNANDEZ FUENTES' del 13/4/2026."}
{"timestamp":"2026-04-13T23:39:25.349Z","eventType":"record_updated","message":"ADMIN APROBÓ el registro de 'HENRY ALEXANDER SANTACRUZ BLANCO' del 12/4/2026."}
{"timestamp":"2026-04-13T23:39:49.412Z","eventType":"record_updated","message":"ADMIN ACTUALIZÓ registro de 'WILLIAM ALEXANDER SEGOVIA' (12/4/2026)."}
{"timestamp":"2026-04-13T23:39:51.753Z","eventType":"record_updated","message":"ADMIN APROBÓ el registro de 'WILLIAM ALEXANDER SEGOVIA' del 12/4/2026."}
{"timestamp":"2026-04-14T19:35:56.038Z","eventType":"employee_created","message":"NUEVO EMPLEADO: Se creó a '[83] JEFFRY FRANCISCO RAMOS GOMEZ' asignado a la sucursal 'USULUTAN' con un salario de $408.8. Jefe: NO."}
{"timestamp":"2026-04-15T04:06:18.322Z","eventType":"record_updated","message":"ADMIN RECHAZÓ el registro de 'JAIRO ANTONIO HERNANDEZ GUEVARA' del 14/4/2026."}
{"timestamp":"2026-04-15T13:20:06.019Z","eventType":"record_updated","message":"ADMIN APROBÓ el registro de 'JOSUE  DANIEL ROMERO CHICAS' del 13/4/2026."}
{"timestamp":"2026-04-15T13:20:14.125Z","eventType":"record_updated","message":"ADMIN APROBÓ el registro de 'IVAN ANTONIO ZELAYA' del 13/4/2026."}
{"timestamp":"2026-04-15T13:20:47.863Z","eventType":"record_updated","message":"ADMIN ACTUALIZÓ registro de 'HENRY ALEXANDER SANTACRUZ BLANCO' (13/4/2026)."}
{"timestamp":"2026-04-15T13:20:52.627Z","eventType":"record_updated","message":"ADMIN APROBÓ el registro de 'HENRY ALEXANDER SANTACRUZ BLANCO' del 13/4/2026."}
{"timestamp":"2026-04-15T13:21:02.653Z","eventType":"record_updated","message":"ADMIN APROBÓ el registro de 'VICTOR MANUEL HERNANDEZ FUENTES' del 14/4/2026."}
{"timestamp":"2026-04-15T13:21:12.694Z","eventType":"record_updated","message":"ADMIN ACTUALIZÓ registro de 'HENRY ALEXANDER SANTACRUZ BLANCO' (14/4/2026)."}
{"timestamp":"2026-04-15T13:21:15.306Z","eventType":"record_updated","message":"ADMIN APROBÓ el registro de 'HENRY ALEXANDER SANTACRUZ BLANCO' del 14/4/2026."}
{"timestamp":"2026-04-15T13:21:54.784Z","eventType":"record_updated","message":"ADMIN ACTUALIZÓ registro de 'EDWIN ALEXANDER PALACIOS LINO' (14/4/2026)."}
{"timestamp":"2026-04-15T13:21:57.466Z","eventType":"record_updated","message":"ADMIN APROBÓ el registro de 'EDWIN ALEXANDER PALACIOS LINO' del 14/4/2026."}
{"timestamp":"2026-04-15T13:22:10.033Z","eventType":"record_updated","message":"ADMIN ACTUALIZÓ registro de 'ANDRE DUARTE SOSA' (14/4/2026)."}
{"timestamp":"2026-04-15T13:22:12.081Z","eventType":"record_updated","message":"ADMIN APROBÓ el registro de 'ANDRE DUARTE SOSA' del 14/4/2026."}
{"timestamp":"2026-04-15T13:57:58.364Z","eventType":"record_updated","message":"ADMIN APROBÓ el registro de 'JEFFRY FRANCISCO RAMOS GOMEZ' del 12/4/2026."}
{"timestamp":"2026-04-16T15:07:45.869Z","eventType":"employee_updated","message":"EMPLEADO ACTUALIZADO: '[78] CARLOS ALFREDO MARTINEZ FLORES'. Cambios: Estado a 'inactive'."}
{"timestamp":"2026-04-18T03:07:42.062Z","eventType":"employee_created","message":"NUEVO EMPLEADO: Se creó a '[84] BRYAN ARTURO HERRERA RODRIGUEZ' asignado a la sucursal 'SAN MIGUEL' con un salario de $408.8. Jefe: NO."}
{"timestamp":"2026-04-18T19:10:42.549Z","eventType":"employee_updated","message":"EMPLEADO ACTUALIZADO: '[53] JOSE ROLANDO CHICA MENDEZ'. Cambios: Rango Jefe: Activado."}
{"timestamp":"2026-04-18T19:17:37.669Z","eventType":"employee_updated","message":"EMPLEADO ACTUALIZADO: '[82] PATRICIA GUADALUPE COLON SORTO'. Cambios: Rango Jefe: Activado."}
{"timestamp":"2026-04-22T20:46:20.384Z","eventType":"record_updated","message":"ADMIN APROBÓ el registro de 'JOSUE DANIEL SOSA GODINEZ' del 22/4/2026."}
{"timestamp":"2026-04-22T20:46:25.272Z","eventType":"record_updated","message":"ADMIN APROBÓ el registro de 'VICTOR MANUEL HERNANDEZ FUENTES' del 22/4/2026."}
{"timestamp":"2026-04-22T20:46:33.947Z","eventType":"record_updated","message":"ADMIN RECHAZÓ el registro de 'BRYAN ARTURO HERRERA RODRIGUEZ' del 21/4/2026."}
{"timestamp":"2026-04-22T20:47:05.540Z","eventType":"record_updated","message":"ADMIN APROBÓ el registro de 'BRYAN ARTURO HERRERA RODRIGUEZ' del 21/4/2026."}
{"timestamp":"2026-04-22T20:47:14.263Z","eventType":"record_updated","message":"ADMIN ACTUALIZÓ registro de 'EDWIN ALEXANDER PALACIOS LINO' (21/4/2026)."}
{"timestamp":"2026-04-22T20:47:16.776Z","eventType":"record_updated","message":"ADMIN APROBÓ el registro de 'EDWIN ALEXANDER PALACIOS LINO' del 21/4/2026."}
{"timestamp":"2026-04-22T20:47:24.552Z","eventType":"record_updated","message":"ADMIN APROBÓ el registro de 'FIDEL ANGEL MARTINEZ' del 21/4/2026."}
{"timestamp":"2026-04-22T20:47:32.024Z","eventType":"record_updated","message":"ADMIN APROBÓ el registro de 'FIDEL ANGEL MARTINEZ' del 21/4/2026."}
{"timestamp":"2026-04-22T20:47:37.961Z","eventType":"record_updated","message":"ADMIN APROBÓ el registro de 'GUILLERMO ALEXANDER ZELAYA PORTILLO' del 21/4/2026."}
{"timestamp":"2026-04-22T20:47:46.013Z","eventType":"record_updated","message":"ADMIN RECHAZÓ el registro de 'JAVIER ARMANDO PORTILLO CHAVEZ' del 21/4/2026."}
{"timestamp":"2026-04-22T20:47:53.107Z","eventType":"record_updated","message":"ADMIN APROBÓ el registro de 'IVAN ANTONIO ZELAYA' del 21/4/2026."}
{"timestamp":"2026-04-22T20:48:00.668Z","eventType":"record_updated","message":"ADMIN APROBÓ el registro de 'JOSUE  DANIEL ROMERO CHICAS' del 21/4/2026."}
{"timestamp":"2026-04-22T20:48:48.602Z","eventType":"record_updated","message":"ADMIN APROBÓ el registro de 'RONALD ANTONIO GOMEZ PRIVADO' del 21/4/2026."}
{"timestamp":"2026-04-22T20:48:55.570Z","eventType":"record_updated","message":"ADMIN APROBÓ el registro de 'VICTOR MANUEL HERNANDEZ FUENTES' del 21/4/2026."}
{"timestamp":"2026-04-22T20:49:10.291Z","eventType":"record_updated","message":"ADMIN RECHAZÓ el registro de 'VICTOR MANUEL HERNANDEZ FUENTES' del 21/4/2026."}
{"timestamp":"2026-04-22T20:49:29.339Z","eventType":"record_updated","message":"ADMIN APROBÓ el registro de 'BRYAN ARTURO HERRERA RODRIGUEZ' del 20/4/2026."}
{"timestamp":"2026-04-22T20:49:37.535Z","eventType":"record_updated","message":"ADMIN ACTUALIZÓ registro de 'EDWIN ALEXANDER PALACIOS LINO' (20/4/2026)."}
{"timestamp":"2026-04-22T20:49:39.585Z","eventType":"record_updated","message":"ADMIN APROBÓ el registro de 'EDWIN ALEXANDER PALACIOS LINO' del 20/4/2026."}
{"timestamp":"2026-04-22T20:49:52.490Z","eventType":"record_updated","message":"ADMIN APROBÓ el registro de 'FIDEL ANGEL MARTINEZ' del 20/4/2026."}
{"timestamp":"2026-04-22T20:49:54.256Z","eventType":"record_updated","message":"ADMIN APROBÓ el registro de 'GUILLERMO ALEXANDER ZELAYA PORTILLO' del 20/4/2026."}
{"timestamp":"2026-04-22T20:50:03.125Z","eventType":"record_updated","message":"ADMIN APROBÓ el registro de 'IVAN ANTONIO ZELAYA' del 20/4/2026."}
{"timestamp":"2026-04-22T20:50:04.936Z","eventType":"record_updated","message":"ADMIN APROBÓ el registro de 'JOSUE  DANIEL ROMERO CHICAS' del 20/4/2026."}
{"timestamp":"2026-04-22T20:50:12.542Z","eventType":"record_updated","message":"ADMIN APROBÓ el registro de 'VICTOR MANUEL HERNANDEZ FUENTES' del 20/4/2026."}
{"timestamp":"2026-04-22T20:50:23.355Z","eventType":"record_updated","message":"ADMIN APROBÓ el registro de 'EDWIN ALEXANDER PALACIOS LINO' del 18/4/2026."}
{"timestamp":"2026-04-22T20:50:30.161Z","eventType":"record_updated","message":"ADMIN APROBÓ el registro de 'IVAN ANTONIO ZELAYA' del 18/4/2026."}
{"timestamp":"2026-04-22T20:50:38.968Z","eventType":"record_updated","message":"ADMIN APROBÓ el registro de 'JOSUE  DANIEL ROMERO CHICAS' del 18/4/2026."}
{"timestamp":"2026-04-22T20:50:45.514Z","eventType":"record_updated","message":"ADMIN APROBÓ el registro de 'JUAN EMILIO ULLOA GOMEZ' del 18/4/2026."}
{"timestamp":"2026-04-22T20:50:59.905Z","eventType":"record_updated","message":"ADMIN APROBÓ el registro de 'JUAN EMILIO ULLOA GOMEZ' del 18/4/2026."}
{"timestamp":"2026-04-22T20:51:07.227Z","eventType":"record_updated","message":"ADMIN APROBÓ el registro de 'RICARDO JOSUE ALAS DIAZ' del 18/4/2026."}
{"timestamp":"2026-04-22T20:51:37.730Z","eventType":"record_updated","message":"ADMIN APROBÓ el registro de 'VICTOR MANUEL HERNANDEZ FUENTES' del 18/4/2026."}
{"timestamp":"2026-04-22T20:51:44.896Z","eventType":"record_updated","message":"ADMIN APROBÓ el registro de 'WALTER ALEXANDER VELASQUEZ GOMEZ' del 18/4/2026."}
{"timestamp":"2026-04-22T20:51:52.688Z","eventType":"record_updated","message":"ADMIN RECHAZÓ el registro de 'BRYAN ARTURO HERRERA RODRIGUEZ' del 17/4/2026."}
{"timestamp":"2026-04-22T20:52:05.314Z","eventType":"record_updated","message":"ADMIN APROBÓ el registro de 'DOUGLAS ENRIQUE ARGUETA AYALA' del 17/4/2026."}
{"timestamp":"2026-04-22T20:52:26.024Z","eventType":"record_updated","message":"ADMIN ACTUALIZÓ registro de 'DOUGLAS ENRIQUE ARGUETA AYALA' (17/4/2026)."}
{"timestamp":"2026-04-22T20:52:28.916Z","eventType":"record_updated","message":"ADMIN APROBÓ el registro de 'DOUGLAS ENRIQUE ARGUETA AYALA' del 17/4/2026."}
{"timestamp":"2026-04-22T20:52:52.862Z","eventType":"record_updated","message":"ADMIN ACTUALIZÓ registro de 'FERNANDO JOSE ALFARO PALACIOS' (17/4/2026)."}
{"timestamp":"2026-04-22T20:53:00.592Z","eventType":"record_updated","message":"ADMIN APROBÓ el registro de 'FERNANDO JOSE ALFARO PALACIOS' del 17/4/2026."}
{"timestamp":"2026-04-22T20:53:16.023Z","eventType":"record_updated","message":"ADMIN ACTUALIZÓ registro de 'FERNANDO JOSE ALFARO PALACIOS' (17/4/2026)."}
{"timestamp":"2026-04-22T20:53:18.390Z","eventType":"record_updated","message":"ADMIN APROBÓ el registro de 'FERNANDO JOSE ALFARO PALACIOS' del 17/4/2026."}
{"timestamp":"2026-04-22T20:53:26.892Z","eventType":"record_updated","message":"ADMIN APROBÓ el registro de 'FIDEL ANGEL MARTINEZ' del 17/4/2026."}
{"timestamp":"2026-04-22T20:53:33.639Z","eventType":"record_updated","message":"ADMIN APROBÓ el registro de 'FIDEL ANGEL MARTINEZ' del 17/4/2026."}
{"timestamp":"2026-04-22T20:53:36.099Z","eventType":"record_updated","message":"ADMIN RECHAZÓ el registro de 'GUILLERMO ALEXANDER ZELAYA PORTILLO' del 17/4/2026."}
{"timestamp":"2026-04-22T20:53:41.622Z","eventType":"record_updated","message":"ADMIN RECHAZÓ el registro de 'JAVIER ARMANDO PORTILLO CHAVEZ' del 17/4/2026."}
{"timestamp":"2026-04-22T20:53:47.156Z","eventType":"record_updated","message":"ADMIN APROBÓ el registro de 'JAVIER ARMANDO PORTILLO CHAVEZ' del 17/4/2026."}
{"timestamp":"2026-04-22T20:53:49.000Z","eventType":"record_updated","message":"ADMIN RECHAZÓ el registro de 'JAVIER ARMANDO PORTILLO CHAVEZ' del 17/4/2026."}
{"timestamp":"2026-04-22T20:53:56.784Z","eventType":"record_updated","message":"ADMIN APROBÓ el registro de 'JOSE EVELIO RAMIREZ RAMIREZ' del 17/4/2026."}
{"timestamp":"2026-04-22T20:54:02.479Z","eventType":"record_updated","message":"ADMIN APROBÓ el registro de 'JOSUE  DANIEL ROMERO CHICAS' del 17/4/2026."}
{"timestamp":"2026-04-22T20:54:14.290Z","eventType":"record_updated","message":"ADMIN APROBÓ el registro de 'JOSUE  DANIEL ROMERO CHICAS' del 17/4/2026."}
{"timestamp":"2026-04-22T20:54:21.133Z","eventType":"record_updated","message":"ADMIN APROBÓ el registro de 'RICARDO JOSUE ALAS DIAZ' del 17/4/2026."}
{"timestamp":"2026-04-22T20:54:32.304Z","eventType":"record_updated","message":"ADMIN APROBÓ el registro de 'VICTOR MANUEL HERNANDEZ FUENTES' del 17/4/2026."}
{"timestamp":"2026-04-22T20:54:45.726Z","eventType":"record_updated","message":"ADMIN APROBÓ el registro de 'WALTER ALEXANDER VELASQUEZ GOMEZ' del 17/4/2026."}
{"timestamp":"2026-04-22T20:54:58.319Z","eventType":"record_updated","message":"ADMIN APROBÓ el registro de 'BRYAN ARTURO HERRERA RODRIGUEZ' del 16/4/2026."}
{"timestamp":"2026-04-22T20:55:02.901Z","eventType":"record_updated","message":"ADMIN APROBÓ el registro de 'GUILLERMO ALEXANDER ZELAYA PORTILLO' del 16/4/2026."}
{"timestamp":"2026-04-22T20:55:11.126Z","eventType":"record_updated","message":"ADMIN RECHAZÓ el registro de 'IVAN ANTONIO ZELAYA' del 16/4/2026."}
{"timestamp":"2026-04-22T20:55:16.243Z","eventType":"record_updated","message":"ADMIN APROBÓ el registro de 'JOSUE  DANIEL ROMERO CHICAS' del 16/4/2026."}
{"timestamp":"2026-04-22T20:55:28.195Z","eventType":"record_updated","message":"ADMIN APROBÓ el registro de 'JOSUE  DANIEL ROMERO CHICAS' del 16/4/2026."}
{"timestamp":"2026-04-22T20:55:32.183Z","eventType":"record_updated","message":"ADMIN RECHAZÓ el registro de 'RICARDO JOSUE ALAS DIAZ' del 16/4/2026."}
{"timestamp":"2026-04-22T20:55:42.350Z","eventType":"record_updated","message":"ADMIN APROBÓ el registro de 'RUDY ARTEMYS RIVERA' del 16/4/2026."}
{"timestamp":"2026-04-22T20:55:47.770Z","eventType":"record_updated","message":"ADMIN APROBÓ el registro de 'VICTOR MANUEL HERNANDEZ FUENTES' del 16/4/2026."}
{"timestamp":"2026-04-22T20:55:57.601Z","eventType":"record_updated","message":"ADMIN APROBÓ el registro de 'ANDRE DUARTE SOSA' del 15/4/2026."}
{"timestamp":"2026-04-22T20:56:04.533Z","eventType":"record_updated","message":"ADMIN APROBÓ el registro de 'FIDEL ANGEL MARTINEZ' del 15/4/2026."}
{"timestamp":"2026-04-22T20:56:20.241Z","eventType":"record_updated","message":"ADMIN APROBÓ el registro de 'FIDEL ANGEL MARTINEZ' del 15/4/2026."}
{"timestamp":"2026-04-22T20:56:21.828Z","eventType":"record_updated","message":"ADMIN APROBÓ el registro de 'IVAN ANTONIO ZELAYA' del 15/4/2026."}
{"timestamp":"2026-04-22T20:56:25.452Z","eventType":"record_updated","message":"ADMIN APROBÓ el registro de 'IVAN ANTONIO ZELAYA' del 15/4/2026."}
{"timestamp":"2026-04-22T20:56:34.878Z","eventType":"record_updated","message":"ADMIN RECHAZÓ el registro de 'JAVIER ARMANDO PORTILLO CHAVEZ' del 15/4/2026."}
{"timestamp":"2026-04-22T20:56:37.035Z","eventType":"record_updated","message":"ADMIN RECHAZÓ el registro de 'JAVIER ARMANDO PORTILLO CHAVEZ' del 15/4/2026."}
{"timestamp":"2026-04-22T20:56:38.915Z","eventType":"record_updated","message":"ADMIN APROBÓ el registro de 'JOSUE  DANIEL ROMERO CHICAS' del 15/4/2026."}
{"timestamp":"2026-04-22T20:56:52.073Z","eventType":"record_updated","message":"ADMIN APROBÓ el registro de 'JOSUE  DANIEL ROMERO CHICAS' del 15/4/2026."}
{"timestamp":"2026-04-22T20:56:58.844Z","eventType":"record_updated","message":"ADMIN APROBÓ el registro de 'RICARDO JOSUE ALAS DIAZ' del 15/4/2026."}
{"timestamp":"2026-04-22T20:57:08.055Z","eventType":"record_updated","message":"ADMIN APROBÓ el registro de 'RICARDO JOSUE ALAS DIAZ' del 15/4/2026."}
{"timestamp":"2026-04-22T20:57:14.257Z","eventType":"record_updated","message":"ADMIN APROBÓ el registro de 'VICTOR MANUEL HERNANDEZ FUENTES' del 15/4/2026."}
{"timestamp":"2026-04-22T20:57:29.776Z","eventType":"record_updated","message":"ADMIN RECHAZÓ el registro de 'JOSUE  DANIEL ROMERO CHICAS' del 10/4/2026."}
{"timestamp":"2026-04-22T20:57:38.775Z","eventType":"record_updated","message":"ADMIN RECHAZÓ el registro de 'JOSUE  DANIEL ROMERO CHICAS' del 9/4/2026."}
{"timestamp":"2026-04-22T20:57:44.512Z","eventType":"record_updated","message":"ADMIN RECHAZÓ el registro de 'JOSUE  DANIEL ROMERO CHICAS' del 8/4/2026."}
{"timestamp":"2026-04-24T02:45:04.299Z","eventType":"record_updated","message":"ADMIN ACTUALIZÓ registro de 'EDWIN ALEXANDER PALACIOS LINO' (22/4/2026)."}
{"timestamp":"2026-04-24T02:45:06.645Z","eventType":"record_updated","message":"ADMIN APROBÓ el registro de 'EDWIN ALEXANDER PALACIOS LINO' del 22/4/2026."}
{"timestamp":"2026-04-24T02:45:26.792Z","eventType":"record_updated","message":"ADMIN APROBÓ el registro de 'FIDEL ANGEL MARTINEZ' del 22/4/2026."}
{"timestamp":"2026-04-24T02:45:38.154Z","eventType":"record_updated","message":"ADMIN RECHAZÓ el registro de 'FIDEL ANGEL MARTINEZ' del 22/4/2026."}
{"timestamp":"2026-04-24T02:45:49.864Z","eventType":"record_updated","message":"ADMIN APROBÓ el registro de 'FIDEL ANGEL MARTINEZ' del 22/4/2026."}
{"timestamp":"2026-04-24T02:46:06.349Z","eventType":"record_updated","message":"ADMIN ACTUALIZÓ registro de 'FRANKLIN WILFREDO COREAS AQUINO' (22/4/2026)."}
{"timestamp":"2026-04-24T02:46:12.800Z","eventType":"record_updated","message":"ADMIN APROBÓ el registro de 'FRANKLIN WILFREDO COREAS AQUINO' del 22/4/2026."}
{"timestamp":"2026-04-24T02:46:27.462Z","eventType":"record_updated","message":"ADMIN APROBÓ el registro de 'IVAN ANTONIO ZELAYA' del 22/4/2026."}
{"timestamp":"2026-04-24T02:46:47.197Z","eventType":"record_updated","message":"ADMIN APROBÓ el registro de 'RONALD ANTONIO GOMEZ PRIVADO' del 22/4/2026."}
{"timestamp":"2026-04-24T02:46:55.799Z","eventType":"record_updated","message":"ADMIN RECHAZÓ el registro de 'RICARDO JOSUE ALAS DIAZ' del 21/4/2026."}
{"timestamp":"2026-04-24T02:47:05.090Z","eventType":"record_updated","message":"ADMIN RECHAZÓ el registro de 'RICARDO JOSUE ALAS DIAZ' del 20/4/2026."}
{"timestamp":"2026-04-24T02:48:08.506Z","eventType":"record_updated","message":"ADMIN RECHAZÓ el registro de 'JOSE GUILLERMO HENRIQUEZ' del 19/4/2026."}
{"timestamp":"2026-04-24T02:48:10.256Z","eventType":"record_updated","message":"ADMIN RECHAZÓ el registro de 'CHRISTIAN DE JESUS SEGOVIA' del 19/4/2026."}
{"timestamp":"2026-04-24T02:48:50.266Z","eventType":"record_updated","message":"ADMIN RECHAZÓ el registro de 'GUILLERMO ALEXANDER ZELAYA PORTILLO' del 23/4/2026."}
{"timestamp":"2026-04-24T02:48:52.309Z","eventType":"record_updated","message":"ADMIN RECHAZÓ el registro de 'BRYAN ARTURO HERRERA RODRIGUEZ' del 23/4/2026."}
{"timestamp":"2026-04-24T03:02:11.826Z","eventType":"record_updated","message":"ADMIN RECHAZÓ el registro de 'BRYAN ARTURO HERRERA RODRIGUEZ' del 21/4/2026."}
{"timestamp":"2026-04-24T03:02:11.931Z","eventType":"record_updated","message":"ADMIN ACTUALIZÓ registro de 'BRYAN ARTURO HERRERA RODRIGUEZ' (21/4/2026)."}
{"timestamp":"2026-04-24T16:31:43.375Z","eventType":"record_updated","message":"ADMIN APROBÓ el registro de 'BRYAN ARTURO HERRERA RODRIGUEZ' del 23/4/2026."}
{"timestamp":"2026-04-24T16:31:45.268Z","eventType":"record_updated","message":"ADMIN APROBÓ el registro de 'GUILLERMO ALEXANDER ZELAYA PORTILLO' del 23/4/2026."}
{"timestamp":"2026-04-24T16:33:13.647Z","eventType":"record_updated","message":"ADMIN APROBÓ el registro de 'WIDMAN RAFAEL LUCHA GALLARDO' del 23/4/2026."}
{"timestamp":"2026-04-24T16:33:15.394Z","eventType":"record_updated","message":"ADMIN APROBÓ el registro de 'VICTOR MANUEL HERNANDEZ FUENTES' del 23/4/2026."}
{"timestamp":"2026-04-24T16:33:17.158Z","eventType":"record_updated","message":"ADMIN APROBÓ el registro de 'JOSUE DANIEL SOSA GODINEZ' del 23/4/2026."}
{"timestamp":"2026-04-24T16:33:23.448Z","eventType":"record_updated","message":"ADMIN APROBÓ el registro de 'VICTOR MANUEL HERNANDEZ FUENTES' del 24/4/2026."}
{"timestamp":"2026-04-24T17:49:11.995Z","eventType":"record_updated","message":"ADMIN APROBÓ el registro de 'ROBERTO ANTONIO VELIS' del 21/4/2026."}
{"timestamp":"2026-04-24T17:53:39.113Z","eventType":"record_updated","message":"ADMIN APROBÓ el registro de 'ROBERTO ANTONIO VELIS' del 17/4/2026."}
{"timestamp":"2026-04-24T17:59:18.267Z","eventType":"record_updated","message":"ADMIN ACTUALIZÓ registro de 'ROBERTO ANTONIO VELIS' (17/4/2026)."}
{"timestamp":"2026-04-25T14:10:12.240Z","eventType":"record_updated","message":"ADMIN ACTUALIZÓ registro de 'FIDEL ANGEL MARTINEZ' (24/4/2026)."}
{"timestamp":"2026-04-27T01:52:43.681Z","eventType":"record_updated","message":"ADMIN ACTUALIZÓ registro de 'ANDRE DUARTE SOSA' (26/4/2026)."}
{"timestamp":"2026-04-27T01:52:46.276Z","eventType":"record_updated","message":"ADMIN APROBÓ el registro de 'ANDRE DUARTE SOSA' del 26/4/2026."}
{"timestamp":"2026-04-27T01:52:51.909Z","eventType":"record_updated","message":"ADMIN ACTUALIZÓ registro de 'EDWIN ALEXANDER PALACIOS LINO' (26/4/2026)."}
{"timestamp":"2026-04-27T01:52:54.508Z","eventType":"record_updated","message":"ADMIN APROBÓ el registro de 'EDWIN ALEXANDER PALACIOS LINO' del 26/4/2026."}
{"timestamp":"2026-04-27T01:53:11.764Z","eventType":"record_updated","message":"ADMIN ACTUALIZÓ registro de 'CARLOS ENRIQUE BARQUERO FLORES' (25/4/2026)."}
{"timestamp":"2026-04-27T01:53:17.450Z","eventType":"record_updated","message":"ADMIN APROBÓ el registro de 'CARLOS ENRIQUE BARQUERO FLORES' del 25/4/2026."}
{"timestamp":"2026-04-27T01:53:24.650Z","eventType":"record_updated","message":"ADMIN APROBÓ el registro de 'DOUGLAS ENRIQUE ARGUETA AYALA' del 25/4/2026."}
{"timestamp":"2026-04-27T01:53:37.759Z","eventType":"record_updated","message":"ADMIN APROBÓ el registro de 'EDWIN ALEXANDER PALACIOS LINO' del 25/4/2026."}
{"timestamp":"2026-04-27T01:53:47.243Z","eventType":"record_updated","message":"ADMIN APROBÓ el registro de 'JOSUE  DANIEL ROMERO CHICAS' del 25/4/2026."}
{"timestamp":"2026-04-27T01:53:56.621Z","eventType":"record_updated","message":"ADMIN APROBÓ el registro de 'VICTOR MANUEL HERNANDEZ FUENTES' del 25/4/2026."}
{"timestamp":"2026-04-27T01:54:18.127Z","eventType":"record_updated","message":"ADMIN APROBÓ el registro de 'VICTOR MANUEL HERNANDEZ FUENTES' del 25/4/2026."}
{"timestamp":"2026-04-27T01:54:28.780Z","eventType":"record_updated","message":"ADMIN APROBÓ el registro de 'FIDEL ANGEL MARTINEZ' del 24/4/2026."}
{"timestamp":"2026-04-27T01:54:40.447Z","eventType":"record_updated","message":"ADMIN APROBÓ el registro de 'FIDEL ANGEL MARTINEZ' del 24/4/2026."}
{"timestamp":"2026-04-27T01:54:52.123Z","eventType":"record_updated","message":"ADMIN APROBÓ el registro de 'FIDEL ANGEL MARTINEZ' del 24/4/2026."}
{"timestamp":"2026-04-27T01:54:58.778Z","eventType":"record_updated","message":"ADMIN APROBÓ el registro de 'FRANKLIN WILFREDO COREAS AQUINO' del 24/4/2026."}
{"timestamp":"2026-04-27T01:55:08.106Z","eventType":"record_updated","message":"ADMIN APROBÓ el registro de 'IVAN ANTONIO ZELAYA' del 24/4/2026."}
{"timestamp":"2026-04-27T01:55:14.303Z","eventType":"record_updated","message":"ADMIN APROBÓ el registro de 'JOSUE  DANIEL ROMERO CHICAS' del 24/4/2026."}
{"timestamp":"2026-04-27T01:56:18.140Z","eventType":"record_updated","message":"ADMIN ACTUALIZÓ registro de 'JOSUE  DANIEL ROMERO CHICAS' (24/4/2026)."}
{"timestamp":"2026-04-27T01:56:22.430Z","eventType":"record_updated","message":"ADMIN APROBÓ el registro de 'JOSUE  DANIEL ROMERO CHICAS' del 24/4/2026."}
{"timestamp":"2026-04-27T01:56:28.171Z","eventType":"record_updated","message":"ADMIN APROBÓ el registro de 'MARVIN JOSUE ALVARENGA' del 24/4/2026."}
{"timestamp":"2026-04-27T01:56:39.365Z","eventType":"record_updated","message":"ADMIN APROBÓ el registro de 'RONALD ANTONIO GOMEZ PRIVADO' del 24/4/2026."}
{"timestamp":"2026-04-27T01:56:41.480Z","eventType":"record_updated","message":"ADMIN APROBÓ el registro de 'RONALD ANTONIO GOMEZ PRIVADO' del 24/4/2026."}
{"timestamp":"2026-04-27T01:57:09.264Z","eventType":"record_updated","message":"ADMIN RECHAZÓ el registro de 'JOSUE  DANIEL ROMERO CHICAS' del 23/4/2026."}
{"timestamp":"2026-04-27T01:57:20.588Z","eventType":"record_updated","message":"ADMIN APROBÓ el registro de 'KEVIN ALEXANDER MARTINEZ PINTO' del 23/4/2026."}
{"timestamp":"2026-04-27T01:57:34.940Z","eventType":"record_updated","message":"ADMIN APROBÓ el registro de 'KEVIN ANTONIO MUNTO RAMIREZ' del 23/4/2026."}
{"timestamp":"2026-04-27T01:57:53.373Z","eventType":"record_updated","message":"ADMIN RECHAZÓ el registro de 'JOSUE  DANIEL ROMERO CHICAS' del 22/4/2026."}
{"timestamp":"2026-04-27T01:58:03.606Z","eventType":"record_updated","message":"ADMIN RECHAZÓ el registro de 'MARVIN JOSUE ALVARENGA' del 22/4/2026."}
{"timestamp":"2026-04-27T01:58:45.307Z","eventType":"record_updated","message":"ADMIN RECHAZÓ el registro de 'WALTER ALEXANDER VELASQUEZ GOMEZ' del 20/4/2026."}
{"timestamp":"2026-04-27T01:58:53.965Z","eventType":"record_updated","message":"ADMIN APROBÓ el registro de 'JOSE GUILLERMO HENRIQUEZ' del 19/4/2026."}
{"timestamp":"2026-04-28T13:54:04.365Z","eventType":"employee_created","message":"NUEVO EMPLEADO: Se creó a '[85] ODIR OSWALDO AGUILAR MENDEZ' asignado a la sucursal 'SAN MIGUEL' con un salario de $408.8. Jefe: NO."}
{"timestamp":"2026-04-29T13:43:49.703Z","eventType":"record_updated","message":"ADMIN RECHAZÓ el registro de 'JAVIER ARMANDO PORTILLO CHAVEZ' del 24/4/2026."}
{"timestamp":"2026-04-29T13:43:57.095Z","eventType":"record_updated","message":"ADMIN RECHAZÓ el registro de 'JAVIER ARMANDO PORTILLO CHAVEZ' del 24/4/2026."}
{"timestamp":"2026-04-29T13:44:10.405Z","eventType":"record_updated","message":"ADMIN RECHAZÓ el registro de 'IVAN ANTONIO ZELAYA' del 24/4/2026."}
{"timestamp":"2026-04-29T13:44:22.603Z","eventType":"record_updated","message":"ADMIN RECHAZÓ el registro de 'RICARDO JOSUE ALAS DIAZ' del 25/4/2026."}
{"timestamp":"2026-04-29T13:44:34.745Z","eventType":"record_updated","message":"ADMIN APROBÓ el registro de 'ROBERTO ANTONIO VELIS' del 26/4/2026."}
{"timestamp":"2026-04-29T13:44:43.621Z","eventType":"record_updated","message":"ADMIN APROBÓ el registro de 'RICARDO JOSUE ALAS DIAZ' del 26/4/2026."}
{"timestamp":"2026-04-29T13:44:50.752Z","eventType":"record_updated","message":"ADMIN APROBÓ el registro de 'FERNANDO JAVIER SORTO MEDRANO' del 26/4/2026."}
{"timestamp":"2026-04-29T13:45:01.053Z","eventType":"record_updated","message":"ADMIN APROBÓ el registro de 'VICTOR MANUEL HERNANDEZ FUENTES' del 27/4/2026."}
{"timestamp":"2026-04-29T13:45:07.471Z","eventType":"record_updated","message":"ADMIN APROBÓ el registro de 'JOSUE  DANIEL ROMERO CHICAS' del 27/4/2026."}
{"timestamp":"2026-04-29T13:45:15.024Z","eventType":"record_updated","message":"ADMIN ACTUALIZÓ registro de 'HENRY ALEXANDER SANTACRUZ BLANCO' (27/4/2026)."}
{"timestamp":"2026-04-29T13:45:18.193Z","eventType":"record_updated","message":"ADMIN APROBÓ el registro de 'HENRY ALEXANDER SANTACRUZ BLANCO' del 27/4/2026."}
{"timestamp":"2026-04-29T13:45:34.570Z","eventType":"record_updated","message":"ADMIN ACTUALIZÓ registro de 'FERNANDO JAVIER SORTO MEDRANO' (26/4/2026)."}
{"timestamp":"2026-04-29T13:45:39.746Z","eventType":"record_updated","message":"ADMIN ACTUALIZÓ registro de 'ROBERTO ANTONIO VELIS' (26/4/2026)."}
{"timestamp":"2026-04-29T13:45:41.532Z","eventType":"record_updated","message":"ADMIN ACTUALIZÓ registro de 'ROBERTO ANTONIO VELIS' (26/4/2026)."}
{"timestamp":"2026-04-29T13:45:58.324Z","eventType":"record_updated","message":"ADMIN RECHAZÓ el registro de 'GUILLERMO ALEXANDER ZELAYA PORTILLO' del 27/4/2026."}
{"timestamp":"2026-04-29T13:46:03.511Z","eventType":"record_updated","message":"ADMIN RECHAZÓ el registro de 'BRYAN ARTURO HERRERA RODRIGUEZ' del 27/4/2026."}
{"timestamp":"2026-04-29T13:46:07.950Z","eventType":"record_updated","message":"ADMIN APROBÓ el registro de 'VICTOR MANUEL HERNANDEZ FUENTES' del 28/4/2026."}
{"timestamp":"2026-04-29T13:46:15.933Z","eventType":"record_updated","message":"ADMIN ACTUALIZÓ registro de 'HENRY ALEXANDER SANTACRUZ BLANCO' (28/4/2026)."}
{"timestamp":"2026-04-29T13:46:20.656Z","eventType":"record_updated","message":"ADMIN APROBÓ el registro de 'HENRY ALEXANDER SANTACRUZ BLANCO' del 28/4/2026."}
{"timestamp":"2026-04-29T13:46:34.581Z","eventType":"record_updated","message":"ADMIN ACTUALIZÓ registro de 'EDWIN ALEXANDER PALACIOS LINO' (28/4/2026)."}
{"timestamp":"2026-04-29T13:46:38.623Z","eventType":"record_updated","message":"ADMIN APROBÓ el registro de 'EDWIN ALEXANDER PALACIOS LINO' del 28/4/2026."}
{"timestamp":"2026-04-29T13:47:00.749Z","eventType":"record_updated","message":"ADMIN ACTUALIZÓ registro de 'ANDRE DUARTE SOSA' (28/4/2026)."}
{"timestamp":"2026-04-29T13:47:03.854Z","eventType":"record_updated","message":"ADMIN APROBÓ el registro de 'ANDRE DUARTE SOSA' del 28/4/2026."}
{"timestamp":"2026-04-29T13:47:09.175Z","eventType":"record_updated","message":"ADMIN APROBÓ el registro de 'VICTOR MANUEL HERNANDEZ FUENTES' del 29/4/2026."}
{"timestamp":"2026-04-29T14:56:12.113Z","eventType":"record_updated","message":"ADMIN APROBÓ el registro de 'VICTOR MANUEL HERNANDEZ FUENTES' del 21/4/2026."}
{"timestamp":"2026-04-29T19:52:29.587Z","eventType":"record_updated","message":"ADMIN APROBÓ el registro de 'IVAN ANTONIO ZELAYA' del 24/4/2026."}
{"timestamp":"2026-04-29T19:53:02.494Z","eventType":"record_updated","message":"ADMIN APROBÓ el registro de 'JOSUE  DANIEL ROMERO CHICAS' del 23/4/2026."}
{"timestamp":"2026-04-29T19:53:16.013Z","eventType":"record_updated","message":"ADMIN ACTUALIZÓ registro de 'MARVIN JOSUE ALVARENGA' (22/4/2026)."}
{"timestamp":"2026-04-29T19:53:21.658Z","eventType":"record_updated","message":"ADMIN APROBÓ el registro de 'JOSUE  DANIEL ROMERO CHICAS' del 22/4/2026."}
{"timestamp":"2026-04-29T19:53:24.984Z","eventType":"record_updated","message":"ADMIN APROBÓ el registro de 'MARVIN JOSUE ALVARENGA' del 22/4/2026."}
{"timestamp":"2026-04-30T13:00:33.667Z","eventType":"record_updated","message":"ADMIN APROBÓ el registro de 'DAVID ULISES VELIS REYES' del 28/4/2026."}
{"timestamp":"2026-04-30T13:00:47.973Z","eventType":"record_updated","message":"ADMIN RECHAZÓ el registro de 'WALTER ALEXANDER VELASQUEZ GOMEZ' del 27/4/2026."}
{"timestamp":"2026-04-30T13:00:49.816Z","eventType":"record_updated","message":"ADMIN RECHAZÓ el registro de 'RICARDO JOSUE ALAS DIAZ' del 27/4/2026."}
{"timestamp":"2026-04-30T14:14:06.129Z","eventType":"record_updated","message":"ADMIN RECHAZÓ el registro de 'RUDY ARTEMYS RIVERA' del 26/4/2026."}
{"timestamp":"2026-04-30T14:14:08.077Z","eventType":"record_updated","message":"ADMIN RECHAZÓ el registro de 'RUDY ARTEMYS RIVERA' del 21/4/2026."}
{"timestamp":"2026-04-30T20:52:02.140Z","eventType":"employee_created","message":"NUEVO EMPLEADO: Se creó a '[86] HEYDI MELISA COREAS PONCE' asignado a la sucursal 'USULUTAN' con un salario de $408.8. Jefe: NO."}
{"timestamp":"2026-04-30T20:53:06.409Z","eventType":"employee_created","message":"NUEVO EMPLEADO: Se creó a '[87] VICTOR MANUEL PALOMO ORELLANA' asignado a la sucursal 'SAN MIGUEL' con un salario de $408.8. Jefe: NO."}
{"timestamp":"2026-04-30T20:53:36.510Z","eventType":"employee_created","message":"NUEVO EMPLEADO: Se creó a '[88] JONATHAN MARCELO HERNANDEZ GONZALEZ' asignado a la sucursal 'SAN MIGUEL' con un salario de $408.8. Jefe: NO."}
{"timestamp":"2026-04-30T20:54:01.663Z","eventType":"employee_created","message":"NUEVO EMPLEADO: Se creó a '[89] BRYAN ARTURO HERRERA RODRIGUEZ' asignado a la sucursal 'SAN MIGUEL' con un salario de $408.8. Jefe: NO."}
{"timestamp":"2026-04-30T20:54:42.873Z","eventType":"employee_updated","message":"EMPLEADO ACTUALIZADO: '[89] ERROR 1'. Cambios: Nombre a 'ERROR 1'."}
{"timestamp":"2026-04-30T20:55:24.843Z","eventType":"employee_created","message":"NUEVO EMPLEADO: Se creó a '[90] GRICELDA XIOMARA MAGANA BARRIENTOS' asignado a la sucursal 'SAN MIGUEL' con un salario de $408.8. Jefe: NO."}
{"timestamp":"2026-04-30T20:55:55.366Z","eventType":"employee_created","message":"NUEVO EMPLEADO: Se creó a '[91] JOSIA OBED MANCIA OLMEDO' asignado a la sucursal 'SAN MIGUEL' con un salario de $408.8. Jefe: NO."}
{"timestamp":"2026-04-30T21:24:28.221Z","eventType":"employee_updated","message":"EMPLEADO ACTUALIZADO: '[90] GRICELDA XIOMARA MAGANA BARRIENTOS'. Cambios: Sucursal a 'CARA SUCIA'."}
{"timestamp":"2026-04-30T21:24:39.649Z","eventType":"employee_updated","message":"EMPLEADO ACTUALIZADO: '[91] JOSIA OBED MANCIA OLMEDO'. Cambios: Sucursal a 'CARA SUCIA'."}
{"timestamp":"2026-04-30T21:25:35.910Z","eventType":"employee_updated","message":"EMPLEADO ACTUALIZADO: '[76] CRISTY YAMILETH RAMOS CHICAS'. Cambios: Estado a 'inactive'."}
{"timestamp":"2026-04-30T21:26:21.325Z","eventType":"employee_updated","message":"EMPLEADO ACTUALIZADO: '[77] MARJORIE MARIELA LARA MOLINA'. Cambios: Estado a 'inactive'."}
{"timestamp":"2026-05-04T20:58:52.991Z","eventType":"employee_updated","message":"EMPLEADO ACTUALIZADO: '[82] PATRICIA GUADALUPE COLON SORTO'. Cambios: PIN cambiado."}
{"timestamp":"2026-05-04T20:58:53.551Z","eventType":"employee_updated","message":"El Administrador cambió el PIN de 'PATRICIA GUADALUPE COLON SORTO'."}
{"timestamp":"2026-05-05T21:08:31.465Z","eventType":"employee_updated","message":"EMPLEADO ACTUALIZADO: '[89] ERROR 1'. Cambios: Estado a 'inactive'."}
{"timestamp":"2026-05-06T21:10:50.166Z","eventType":"record_updated","message":"ADMIN ACTUALIZÓ registro de 'RAUL ALEXANDER CHICAS GUTIERREZ' (1/5/2026)."}
{"timestamp":"2026-05-06T21:10:52.247Z","eventType":"record_updated","message":"ADMIN APROBÓ el registro de 'RAUL ALEXANDER CHICAS GUTIERREZ' del 1/5/2026."}
{"timestamp":"2026-05-06T21:31:07.407Z","eventType":"record_updated","message":"ADMIN APROBÓ el registro de 'VICTOR MANUEL HERNANDEZ FUENTES' del 30/4/2026."}
{"timestamp":"2026-05-06T21:31:24.041Z","eventType":"record_updated","message":"ADMIN APROBÓ el registro de 'JOSUE  DANIEL ROMERO CHICAS' del 30/4/2026."}
{"timestamp":"2026-05-06T21:31:36.172Z","eventType":"record_updated","message":"ADMIN APROBÓ el registro de 'IVAN ANTONIO ZELAYA PORTILLO' del 30/4/2026."}
{"timestamp":"2026-05-06T21:31:52.036Z","eventType":"record_updated","message":"ADMIN ACTUALIZÓ registro de 'HENRY ALEXANDER SANTACRUZ BLANCO' (30/4/2026)."}
{"timestamp":"2026-05-06T21:31:55.306Z","eventType":"record_updated","message":"ADMIN APROBÓ el registro de 'HENRY ALEXANDER SANTACRUZ BLANCO' del 30/4/2026."}
{"timestamp":"2026-05-06T21:32:10.735Z","eventType":"record_updated","message":"ADMIN APROBÓ el registro de 'FRANKLIN WILFREDO COREAS AQUINO' del 30/4/2026."}
{"timestamp":"2026-05-06T21:32:21.307Z","eventType":"record_updated","message":"ADMIN APROBÓ el registro de 'FIDEL ANGEL MARTINEZ NIETO' del 30/4/2026."}
{"timestamp":"2026-05-06T21:32:31.845Z","eventType":"record_updated","message":"ADMIN puso en PENDIENTE el registro de 'RAUL ALEXANDER CHICAS GUTIERREZ' del 1/5/2026."}
{"timestamp":"2026-05-06T21:32:34.432Z","eventType":"record_updated","message":"ADMIN APROBÓ el registro de 'RAUL ALEXANDER CHICAS GUTIERREZ' del 1/5/2026."}
{"timestamp":"2026-05-06T21:32:50.644Z","eventType":"record_updated","message":"ADMIN ACTUALIZÓ registro de 'RAFAEL ANTONIO DIAZ' (1/5/2026)."}
{"timestamp":"2026-05-06T21:32:53.190Z","eventType":"record_updated","message":"ADMIN APROBÓ el registro de 'RAFAEL ANTONIO DIAZ' del 1/5/2026."}
{"timestamp":"2026-05-06T21:33:34.268Z","eventType":"record_updated","message":"ADMIN ACTUALIZÓ registro de 'KEVIN ALEXANDER MARTINEZ PINTO' (1/5/2026)."}
{"timestamp":"2026-05-06T21:33:46.782Z","eventType":"record_updated","message":"ADMIN APROBÓ el registro de 'KEVIN ALEXANDER MARTINEZ PINTO' del 1/5/2026."}
{"timestamp":"2026-05-06T21:34:03.461Z","eventType":"record_updated","message":"ADMIN ACTUALIZÓ registro de 'JOSUE DANIEL SOSA GODINEZ' (1/5/2026)."}
{"timestamp":"2026-05-06T21:34:05.831Z","eventType":"record_updated","message":"ADMIN APROBÓ el registro de 'JOSUE DANIEL SOSA GODINEZ' del 1/5/2026."}
{"timestamp":"2026-05-06T21:34:18.566Z","eventType":"record_updated","message":"ADMIN ACTUALIZÓ registro de 'KEVIN ALEXANDER MARTINEZ PINTO' (1/5/2026)."}
{"timestamp":"2026-05-06T21:34:21.330Z","eventType":"record_updated","message":"ADMIN ACTUALIZÓ registro de 'JOSUE DANIEL SOSA GODINEZ' (1/5/2026)."}
{"timestamp":"2026-05-06T21:39:19.837Z","eventType":"record_updated","message":"ADMIN ACTUALIZÓ registro de 'HENRY ALEXANDER SANTACRUZ BLANCO' (1/5/2026)."}
{"timestamp":"2026-05-06T21:39:21.779Z","eventType":"record_updated","message":"ADMIN APROBÓ el registro de 'HENRY ALEXANDER SANTACRUZ BLANCO' del 1/5/2026."}
{"timestamp":"2026-05-06T21:40:22.431Z","eventType":"record_updated","message":"ADMIN ACTUALIZÓ registro de 'FERNANDO JOSE ALFARO PALACIOS' (1/5/2026)."}
{"timestamp":"2026-05-06T21:40:25.367Z","eventType":"record_updated","message":"ADMIN APROBÓ el registro de 'FERNANDO JOSE ALFARO PALACIOS' del 1/5/2026."}
{"timestamp":"2026-05-06T21:41:23.636Z","eventType":"record_updated","message":"ADMIN APROBÓ el registro de 'DOUGLAS ENRIQUE ARGUETA AYALA' del 1/5/2026."}
{"timestamp":"2026-05-06T21:41:44.188Z","eventType":"record_updated","message":"ADMIN ACTUALIZÓ registro de 'CARLOS EDUARDO MEJIA LUNA' (1/5/2026)."}
{"timestamp":"2026-05-06T21:41:47.128Z","eventType":"record_updated","message":"ADMIN APROBÓ el registro de 'CARLOS EDUARDO MEJIA LUNA' del 1/5/2026."}
{"timestamp":"2026-05-06T21:42:11.515Z","eventType":"record_updated","message":"ADMIN APROBÓ el registro de 'VICTOR MANUEL HERNANDEZ FUENTES' del 2/5/2026."}
{"timestamp":"2026-05-06T21:42:14.039Z","eventType":"record_updated","message":"ADMIN ACTUALIZÓ registro de 'VICTOR MANUEL HERNANDEZ FUENTES' (2/5/2026)."}
{"timestamp":"2026-05-06T21:42:41.123Z","eventType":"record_updated","message":"ADMIN APROBÓ el registro de 'MARIO ERNESTO GOMEZ ROMERO' del 2/5/2026."}
{"timestamp":"2026-05-06T21:43:00.136Z","eventType":"record_updated","message":"ADMIN APROBÓ el registro de 'KEVIN ALEXANDER MARTINEZ PINTO' del 2/5/2026."}
{"timestamp":"2026-05-06T21:43:17.259Z","eventType":"record_updated","message":"ADMIN APROBÓ el registro de 'JOSUE  DANIEL ROMERO CHICAS' del 2/5/2026."}
{"timestamp":"2026-05-06T21:43:28.007Z","eventType":"record_updated","message":"ADMIN APROBÓ el registro de 'JOSUE DANIEL SOSA GODINEZ' del 2/5/2026."}
{"timestamp":"2026-05-06T21:43:36.060Z","eventType":"record_updated","message":"ADMIN APROBÓ el registro de 'IVAN ANTONIO ZELAYA PORTILLO' del 2/5/2026."}
{"timestamp":"2026-05-06T21:43:44.401Z","eventType":"record_updated","message":"ADMIN ACTUALIZÓ registro de 'IVAN ANTONIO ZELAYA PORTILLO' (2/5/2026)."}
{"timestamp":"2026-05-06T21:44:01.228Z","eventType":"record_updated","message":"ADMIN ACTUALIZÓ registro de 'IVAN ANTONIO ZELAYA PORTILLO' (2/5/2026)."}
{"timestamp":"2026-05-06T21:44:15.902Z","eventType":"record_updated","message":"ADMIN APROBÓ el registro de 'GUILLERMO ALEXANDER ZELAYA PORTILLO' del 2/5/2026."}
{"timestamp":"2026-05-06T21:44:55.631Z","eventType":"record_updated","message":"ADMIN APROBÓ el registro de 'FIDEL ANGEL MARTINEZ NIETO' del 2/5/2026."}
{"timestamp":"2026-05-06T21:46:35.896Z","eventType":"record_updated","message":"ADMIN APROBÓ el registro de 'EDWIN ALEXANDER PALACIOS LINO' del 2/5/2026."}
{"timestamp":"2026-05-06T21:46:46.592Z","eventType":"record_updated","message":"ADMIN APROBÓ el registro de 'HENRY ALEXANDER SANTACRUZ BLANCO' del 3/5/2026."}
{"timestamp":"2026-05-06T21:48:06.416Z","eventType":"record_updated","message":"ADMIN APROBÓ el registro de 'HENRY ALEXANDER SANTACRUZ BLANCO' del 3/5/2026."}
{"timestamp":"2026-05-06T21:51:09.558Z","eventType":"record_updated","message":"ADMIN APROBÓ el registro de 'VICTOR MANUEL HERNANDEZ FUENTES' del 4/5/2026."}
{"timestamp":"2026-05-06T21:51:46.802Z","eventType":"record_updated","message":"ADMIN APROBÓ el registro de 'RAFAEL ANTONIO ALFARO RIVAS' del 4/5/2026."}
{"timestamp":"2026-05-06T21:52:07.938Z","eventType":"record_updated","message":"ADMIN APROBÓ el registro de 'MARIO ERNESTO GOMEZ ROMERO' del 4/5/2026."}
{"timestamp":"2026-05-06T21:52:20.410Z","eventType":"record_updated","message":"ADMIN APROBÓ el registro de 'IVAN ANTONIO ZELAYA PORTILLO' del 4/5/2026."}
{"timestamp":"2026-05-06T21:52:26.949Z","eventType":"record_updated","message":"ADMIN APROBÓ el registro de 'FRANKLIN WILFREDO COREAS AQUINO' del 4/5/2026."}
{"timestamp":"2026-05-06T21:52:33.786Z","eventType":"record_updated","message":"ADMIN APROBÓ el registro de 'VICTOR MANUEL HERNANDEZ FUENTES' del 5/5/2026."}
{"timestamp":"2026-05-06T21:52:47.173Z","eventType":"record_updated","message":"ADMIN APROBÓ el registro de 'RONALD ANTONIO GOMEZ PRIVADO' del 5/5/2026."}
{"timestamp":"2026-05-06T21:53:06.216Z","eventType":"record_updated","message":"ADMIN APROBÓ el registro de 'MARIO ERNESTO GOMEZ ROMERO' del 5/5/2026."}
{"timestamp":"2026-05-06T21:53:16.280Z","eventType":"record_updated","message":"ADMIN APROBÓ el registro de 'IVAN ANTONIO ZELAYA PORTILLO' del 5/5/2026."}
{"timestamp":"2026-05-06T21:53:24.312Z","eventType":"record_updated","message":"ADMIN APROBÓ el registro de 'FRANKLIN WILFREDO COREAS AQUINO' del 5/5/2026."}
{"timestamp":"2026-05-06T21:53:40.275Z","eventType":"record_updated","message":"ADMIN ACTUALIZÓ registro de 'EDWIN ALEXANDER PALACIOS LINO' (5/5/2026)."}
{"timestamp":"2026-05-06T21:53:44.682Z","eventType":"record_updated","message":"ADMIN APROBÓ el registro de 'EDWIN ALEXANDER PALACIOS LINO' del 5/5/2026."}
{"timestamp":"2026-05-06T21:53:53.412Z","eventType":"record_updated","message":"ADMIN APROBÓ el registro de 'VICTOR MANUEL HERNANDEZ FUENTES' del 6/5/2026."}
{"timestamp":"2026-05-06T21:53:56.644Z","eventType":"record_updated","message":"ADMIN ACTUALIZÓ registro de 'VICTOR MANUEL HERNANDEZ FUENTES' (6/5/2026)."}
{"timestamp":"2026-05-07T14:15:25.146Z","eventType":"record_updated","message":"ADMIN RECHAZÓ el registro de 'JAVIER ARMANDO PORTILLO CHAVEZ' del 30/4/2026."}
{"timestamp":"2026-05-08T18:39:05.135Z","eventType":"record_updated","message":"ADMIN APROBÓ el registro de 'DAVID ULISES VELIS REYES' del 5/5/2026."}
{"timestamp":"2026-05-08T18:39:12.645Z","eventType":"record_updated","message":"ADMIN APROBÓ el registro de 'CARLOS ENRIQUE BARQUERO FLORES' del 5/5/2026."}
{"timestamp":"2026-05-08T18:46:24.931Z","eventType":"record_updated","message":"ADMIN APROBÓ el registro de 'JOSUE  DANIEL ROMERO CHICAS' del 5/5/2026."}
{"timestamp":"2026-05-08T18:46:42.797Z","eventType":"record_updated","message":"ADMIN APROBÓ el registro de 'JOSUE  DANIEL ROMERO CHICAS' del 4/5/2026."}
{"timestamp":"2026-05-08T18:46:57.028Z","eventType":"record_updated","message":"ADMIN APROBÓ el registro de 'CARLOS ENRIQUE BARQUERO FLORES' del 4/5/2026."}
{"timestamp":"2026-05-08T18:47:07.801Z","eventType":"record_updated","message":"ADMIN APROBÓ el registro de 'CARLOS ENRIQUE BARQUERO FLORES' del 4/5/2026."}
{"timestamp":"2026-05-08T18:47:16.406Z","eventType":"record_updated","message":"ADMIN APROBÓ el registro de 'BRAYAN ESTIVEN AYALA AYALA' del 4/5/2026."}
{"timestamp":"2026-05-08T18:47:26.903Z","eventType":"record_updated","message":"ADMIN APROBÓ el registro de 'BRAYAN ESTIVEN AYALA AYALA' del 4/5/2026."}
{"timestamp":"2026-05-08T18:47:50.404Z","eventType":"record_updated","message":"ADMIN APROBÓ el registro de 'VICTOR MANUEL HERNANDEZ FUENTES' del 6/5/2026."}
{"timestamp":"2026-05-08T18:47:58.184Z","eventType":"record_updated","message":"ADMIN APROBÓ el registro de 'RONALD ANTONIO GOMEZ PRIVADO' del 6/5/2026."}
{"timestamp":"2026-05-08T18:48:04.744Z","eventType":"record_updated","message":"ADMIN APROBÓ el registro de 'JOSUE  DANIEL ROMERO CHICAS' del 6/5/2026."}
{"timestamp":"2026-05-08T18:48:16.003Z","eventType":"record_updated","message":"ADMIN APROBÓ el registro de 'JOSE GUILLERMO HENRIQUEZ' del 6/5/2026."}
{"timestamp":"2026-05-08T18:48:22.970Z","eventType":"record_updated","message":"ADMIN APROBÓ el registro de 'IVAN ANTONIO ZELAYA PORTILLO' del 6/5/2026."}
{"timestamp":"2026-05-08T18:48:51.518Z","eventType":"record_updated","message":"ADMIN APROBÓ el registro de 'FRANKLIN WILFREDO COREAS AQUINO' del 6/5/2026."}
{"timestamp":"2026-05-08T18:49:19.905Z","eventType":"record_updated","message":"ADMIN ACTUALIZÓ registro de 'EDWIN ALEXANDER PALACIOS LINO' (6/5/2026)."}
{"timestamp":"2026-05-08T18:49:21.946Z","eventType":"record_updated","message":"ADMIN APROBÓ el registro de 'EDWIN ALEXANDER PALACIOS LINO' del 6/5/2026."}
{"timestamp":"2026-05-08T18:49:28.713Z","eventType":"record_updated","message":"ADMIN APROBÓ el registro de 'VICTOR MANUEL HERNANDEZ FUENTES' del 7/5/2026."}
{"timestamp":"2026-05-08T18:49:36.673Z","eventType":"record_updated","message":"ADMIN APROBÓ el registro de 'JOSUE  DANIEL ROMERO CHICAS' del 7/5/2026."}
{"timestamp":"2026-05-08T18:49:55.929Z","eventType":"record_updated","message":"ADMIN APROBÓ el registro de 'FERNANDO JOSE ALFARO PALACIOS' del 7/5/2026."}
{"timestamp":"2026-05-08T18:50:05.577Z","eventType":"record_updated","message":"ADMIN APROBÓ el registro de 'DOUGLAS ENRIQUE ARGUETA AYALA' del 7/5/2026."}
{"timestamp":"2026-05-08T18:50:23.552Z","eventType":"record_updated","message":"ADMIN APROBÓ el registro de 'VICTOR MANUEL HERNANDEZ FUENTES' del 8/5/2026."}
{"timestamp":"2026-05-08T18:50:27.519Z","eventType":"record_updated","message":"ADMIN APROBÓ el registro de 'JOSUE  DANIEL ROMERO CHICAS' del 8/5/2026."}
{"timestamp":"2026-05-13T14:23:33.739Z","eventType":"employee_updated","message":"EMPLEADO ACTUALIZADO: '[26] CHRISTIAN DE JESUS SEGOVIA'. Cambios: Estado a 'inactive'."}
{"timestamp":"2026-05-13T14:24:08.773Z","eventType":"employee_updated","message":"EMPLEADO ACTUALIZADO: '[26] CHRISTIAN DE JESUS SEGOVIA'. Cambios: Estado a 'active'."}
{"timestamp":"2026-05-13T14:24:16.957Z","eventType":"employee_updated","message":"EMPLEADO ACTUALIZADO: '[26] CHRISTIAN DE JESUS SEGOVIA'. Cambios: Rango Jefe: Desactivado."}
{"timestamp":"2026-05-13T14:25:08.573Z","eventType":"employee_updated","message":"EMPLEADO ACTUALIZADO: '[26] CHRISTIAN DE JESUS SEGOVIA'. Cambios: PIN cambiado."}
{"timestamp":"2026-05-13T14:25:08.982Z","eventType":"employee_updated","message":"El Administrador cambió el PIN de 'CHRISTIAN DE JESUS SEGOVIA'."}
{"timestamp":"2026-05-13T14:25:14.453Z","eventType":"employee_updated","message":"EMPLEADO ACTUALIZADO: '[55] FANNY YAMILETH CRUZ COREAS'. Cambios: PIN cambiado."}
{"timestamp":"2026-05-13T14:25:14.919Z","eventType":"employee_updated","message":"El Administrador cambió el PIN de 'FANNY YAMILETH CRUZ COREAS'."}
{"timestamp":"2026-05-13T14:25:23.319Z","eventType":"employee_updated","message":"EMPLEADO ACTUALIZADO: '[54] MARIA TOMASA REYES MEJIA'. Cambios: PIN cambiado."}
{"timestamp":"2026-05-13T14:25:23.521Z","eventType":"employee_updated","message":"El Administrador cambió el PIN de 'MARIA TOMASA REYES MEJIA'."}
{"timestamp":"2026-05-13T14:39:13.872Z","eventType":"record_updated","message":"ADMIN APROBÓ el registro de 'ANDRE DUARTE SOSA' del 12/5/2026."}
{"timestamp":"2026-05-13T14:39:27.125Z","eventType":"record_updated","message":"ADMIN ACTUALIZÓ registro de 'ANDRE DUARTE SOSA' (12/5/2026)."}
{"timestamp":"2026-05-13T14:39:29.383Z","eventType":"record_updated","message":"ADMIN APROBÓ el registro de 'EDWIN ALEXANDER PALACIOS LINO' del 12/5/2026."}
{"timestamp":"2026-05-13T14:39:35.517Z","eventType":"record_updated","message":"ADMIN APROBÓ el registro de 'FRANKLIN WILFREDO COREAS AQUINO' del 12/5/2026."}
{"timestamp":"2026-05-13T14:39:45.151Z","eventType":"record_updated","message":"ADMIN ACTUALIZÓ registro de 'HENRY ALEXANDER SANTACRUZ BLANCO' (12/5/2026)."}
{"timestamp":"2026-05-13T14:39:47.190Z","eventType":"record_updated","message":"ADMIN APROBÓ el registro de 'HENRY ALEXANDER SANTACRUZ BLANCO' del 12/5/2026."}
{"timestamp":"2026-05-13T14:39:51.435Z","eventType":"record_updated","message":"ADMIN APROBÓ el registro de 'IVAN ANTONIO ZELAYA PORTILLO' del 12/5/2026."}
{"timestamp":"2026-05-13T14:39:55.180Z","eventType":"record_updated","message":"ADMIN APROBÓ el registro de 'MARIO ERNESTO GOMEZ ROMERO' del 12/5/2026."}
{"timestamp":"2026-05-13T14:39:59.316Z","eventType":"record_updated","message":"ADMIN APROBÓ el registro de 'RONALD ANTONIO GOMEZ PRIVADO' del 12/5/2026."}
{"timestamp":"2026-05-13T14:40:03.584Z","eventType":"record_updated","message":"ADMIN APROBÓ el registro de 'VICTOR MANUEL HERNANDEZ FUENTES' del 12/5/2026."}
{"timestamp":"2026-05-13T14:40:08.295Z","eventType":"record_updated","message":"ADMIN ACTUALIZÓ registro de 'HENRY ALEXANDER SANTACRUZ BLANCO' (11/5/2026)."}
{"timestamp":"2026-05-13T14:40:10.509Z","eventType":"record_updated","message":"ADMIN APROBÓ el registro de 'HENRY ALEXANDER SANTACRUZ BLANCO' del 11/5/2026."}
{"timestamp":"2026-05-13T14:40:14.439Z","eventType":"record_updated","message":"ADMIN APROBÓ el registro de 'VICTOR MANUEL HERNANDEZ FUENTES' del 11/5/2026."}
{"timestamp":"2026-05-13T14:40:29.644Z","eventType":"record_updated","message":"ADMIN ACTUALIZÓ registro de 'DANIEL ALESSANDRO ROSALES GONZALEZ' (10/5/2026)."}
{"timestamp":"2026-05-13T14:40:31.432Z","eventType":"record_updated","message":"ADMIN APROBÓ el registro de 'DANIEL ALESSANDRO ROSALES GONZALEZ' del 10/5/2026."}
{"timestamp":"2026-05-13T14:40:35.037Z","eventType":"record_updated","message":"ADMIN ACTUALIZÓ registro de 'HENRY ALEXANDER SANTACRUZ BLANCO' (10/5/2026)."}
{"timestamp":"2026-05-13T14:40:37.355Z","eventType":"record_updated","message":"ADMIN APROBÓ el registro de 'HENRY ALEXANDER SANTACRUZ BLANCO' del 10/5/2026."}
{"timestamp":"2026-05-13T14:40:43.105Z","eventType":"record_updated","message":"ADMIN ACTUALIZÓ registro de 'KEVIN ANTONIO MUNTO RAMIREZ' (10/5/2026)."}
{"timestamp":"2026-05-13T14:40:46.792Z","eventType":"record_updated","message":"ADMIN APROBÓ el registro de 'KEVIN ANTONIO MUNTO RAMIREZ' del 10/5/2026."}
{"timestamp":"2026-05-13T14:40:52.738Z","eventType":"record_updated","message":"ADMIN ACTUALIZÓ registro de 'RICARDO JOSUE ALAS DIAZ' (10/5/2026)."}
{"timestamp":"2026-05-13T14:40:54.729Z","eventType":"record_updated","message":"ADMIN APROBÓ el registro de 'RICARDO JOSUE ALAS DIAZ' del 10/5/2026."}
{"timestamp":"2026-05-13T14:40:59.549Z","eventType":"record_updated","message":"ADMIN ACTUALIZÓ registro de 'WIDMAN RAFAEL LUCHA GALLARDO' (10/5/2026)."}
{"timestamp":"2026-05-13T14:41:01.338Z","eventType":"record_updated","message":"ADMIN APROBÓ el registro de 'WIDMAN RAFAEL LUCHA GALLARDO' del 10/5/2026."}
{"timestamp":"2026-05-13T14:41:10.971Z","eventType":"record_updated","message":"ADMIN APROBÓ el registro de 'VICTOR MANUEL HERNANDEZ FUENTES' del 9/5/2026."}
{"timestamp":"2026-05-13T14:41:19.887Z","eventType":"record_updated","message":"ADMIN ACTUALIZÓ registro de 'EDWIN ALEXANDER PALACIOS LINO' (8/5/2026)."}
{"timestamp":"2026-05-13T14:41:21.858Z","eventType":"record_updated","message":"ADMIN APROBÓ el registro de 'EDWIN ALEXANDER PALACIOS LINO' del 8/5/2026."}
{"timestamp":"2026-05-13T14:41:26.733Z","eventType":"record_updated","message":"ADMIN ACTUALIZÓ registro de 'JOSUE  DANIEL ROMERO CHICAS' (8/5/2026)."}
{"timestamp":"2026-05-13T14:41:38.880Z","eventType":"record_updated","message":"ADMIN APROBÓ el registro de 'RICARDO JOSUE ALAS DIAZ' del 7/5/2026."}
{"timestamp":"2026-05-13T14:41:47.201Z","eventType":"record_updated","message":"ADMIN RECHAZÓ el registro de 'JAVIER ARMANDO PORTILLO CHAVEZ' del 1/5/2026."}
{"timestamp":"2026-05-14T19:10:29.891Z","eventType":"record_updated","message":"ADMIN APROBÓ el registro de 'VICTOR MANUEL HERNANDEZ FUENTES' del 14/5/2026."}
{"timestamp":"2026-05-14T19:10:41.997Z","eventType":"record_updated","message":"ADMIN APROBÓ el registro de 'FRANKLIN WILFREDO COREAS AQUINO' del 13/5/2026."}
{"timestamp":"2026-05-14T19:10:52.437Z","eventType":"record_updated","message":"ADMIN APROBÓ el registro de 'IVAN ANTONIO ZELAYA PORTILLO' del 13/5/2026."}
{"timestamp":"2026-05-14T19:11:04.508Z","eventType":"record_updated","message":"ADMIN APROBÓ el registro de 'JOSE GUILLERMO HENRIQUEZ' del 13/5/2026."}
{"timestamp":"2026-05-14T19:11:23.567Z","eventType":"record_updated","message":"ADMIN APROBÓ el registro de 'MARIO ERNESTO GOMEZ ROMERO' del 13/5/2026."}
{"timestamp":"2026-05-14T19:11:40.572Z","eventType":"record_updated","message":"ADMIN APROBÓ el registro de 'MARVIN JOSUE ALVARENGA GUERRERO' del 13/5/2026."}
{"timestamp":"2026-05-14T19:13:38.242Z","eventType":"record_updated","message":"ADMIN APROBÓ el registro de 'RONALD ANTONIO GOMEZ PRIVADO' del 13/5/2026."}
{"timestamp":"2026-05-14T19:13:56.560Z","eventType":"record_updated","message":"ADMIN APROBÓ el registro de 'VICTOR MANUEL HERNANDEZ FUENTES' del 13/5/2026."}
{"timestamp":"2026-05-14T19:14:12.420Z","eventType":"record_updated","message":"ADMIN ACTUALIZÓ registro de 'FREDY ALBERTO VASQUEZ VIGIL' (10/5/2026)."}
{"timestamp":"2026-05-14T19:14:15.412Z","eventType":"record_updated","message":"ADMIN APROBÓ el registro de 'FREDY ALBERTO VASQUEZ VIGIL' del 10/5/2026."}
{"timestamp":"2026-05-14T19:17:24.631Z","eventType":"record_updated","message":"ADMIN APROBÓ el registro de 'WALTER ALEXANDER VELASQUEZ GOMEZ' del 7/5/2026."}
{"timestamp":"2026-05-14T19:35:11.638Z","eventType":"record_updated","message":"ADMIN APROBÓ el registro de 'JORGE MARLON HERNANDEZ LUNA' del 10/5/2026."}
{"timestamp":"2026-05-14T19:35:23.986Z","eventType":"record_updated","message":"ADMIN APROBÓ el registro de 'STEVEN EFRAIN MEDRANO DEL CID' del 13/5/2026."}
{"timestamp":"2026-05-14T19:36:02.034Z","eventType":"record_updated","message":"ADMIN APROBÓ el registro de 'RICARDO JOSUE ALAS DIAZ' del 13/5/2026."}
{"timestamp":"2026-05-14T19:36:12.687Z","eventType":"record_updated","message":"ADMIN APROBÓ el registro de 'WALTER ALEXANDER VELASQUEZ GOMEZ' del 13/5/2026."}
{"timestamp":"2026-05-14T19:42:23.217Z","eventType":"record_updated","message":"ADMIN RECHAZÓ el registro de 'STEVEN EFRAIN MEDRANO DEL CID' del 13/5/2026."}
{"timestamp":"2026-05-14T19:42:44.676Z","eventType":"record_updated","message":"ADMIN ACTUALIZÓ registro de 'STEVEN EFRAIN MEDRANO DEL CID' (13/5/2026)."}
{"timestamp":"2026-05-14T19:48:26.163Z","eventType":"record_updated","message":"ADMIN APROBÓ el registro de 'STEVEN EFRAIN MEDRANO DEL CID' del 13/5/2026."}
{"timestamp":"2026-05-15T13:44:21.065Z","eventType":"record_updated","message":"ADMIN APROBÓ el registro de 'JOSUE  DANIEL ROMERO CHICAS' del 14/5/2026."}
{"timestamp":"2026-05-15T13:44:26.958Z","eventType":"record_updated","message":"ADMIN APROBÓ el registro de 'JOSUE  DANIEL ROMERO CHICAS' del 13/5/2026."}
{"timestamp":"2026-05-15T13:44:29.232Z","eventType":"record_updated","message":"ADMIN APROBÓ el registro de 'HENRY ALEXANDER SANTACRUZ BLANCO' del 14/5/2026."}
{"timestamp":"2026-05-15T21:47:57.233Z","eventType":"employee_updated","message":"EMPLEADO ACTUALIZADO: '[87] VICTOR MANUEL PALOMO ORELLANA'. Cambios: PIN cambiado."}
{"timestamp":"2026-05-15T21:47:57.491Z","eventType":"employee_updated","message":"El Administrador cambió el PIN de 'VICTOR MANUEL PALOMO ORELLANA'."}
{"timestamp":"2026-05-19T14:07:37.263Z","eventType":"record_updated","message":"ADMIN APROBÓ el registro de 'VICTOR MANUEL HERNANDEZ FUENTES' del 19/5/2026."}
{"timestamp":"2026-05-19T14:07:43.382Z","eventType":"record_updated","message":"ADMIN APROBÓ el registro de 'FRANKLIN WILFREDO COREAS AQUINO' del 18/5/2026."}
{"timestamp":"2026-05-19T14:07:49.832Z","eventType":"record_updated","message":"ADMIN APROBÓ el registro de 'GUILLERMO ALEXANDER ZELAYA PORTILLO' del 18/5/2026."}
{"timestamp":"2026-05-19T14:07:53.272Z","eventType":"record_updated","message":"ADMIN APROBÓ el registro de 'IVAN ANTONIO ZELAYA PORTILLO' del 18/5/2026."}
{"timestamp":"2026-05-19T14:07:58.027Z","eventType":"record_updated","message":"ADMIN APROBÓ el registro de 'MARIO ERNESTO GOMEZ ROMERO' del 18/5/2026."}
{"timestamp":"2026-05-19T14:08:02.738Z","eventType":"record_updated","message":"ADMIN APROBÓ el registro de 'RONALD ANTONIO GOMEZ PRIVADO' del 18/5/2026."}
{"timestamp":"2026-05-19T14:08:05.598Z","eventType":"record_updated","message":"ADMIN APROBÓ el registro de 'VICTOR MANUEL HERNANDEZ FUENTES' del 18/5/2026."}
{"timestamp":"2026-05-19T14:08:13.025Z","eventType":"record_updated","message":"ADMIN APROBÓ el registro de 'DOUGLAS ENRIQUE ARGUETA AYALA' del 16/5/2026."}
{"timestamp":"2026-05-19T14:08:15.620Z","eventType":"record_updated","message":"ADMIN APROBÓ el registro de 'FERNANDO JOSE ALFARO PALACIOS' del 16/5/2026."}
{"timestamp":"2026-05-19T14:08:25.220Z","eventType":"record_updated","message":"ADMIN ACTUALIZÓ registro de 'DOUGLAS ENRIQUE ARGUETA AYALA' (16/5/2026)."}
{"timestamp":"2026-05-19T14:08:32.620Z","eventType":"record_updated","message":"ADMIN ACTUALIZÓ registro de 'FERNANDO JOSE ALFARO PALACIOS' (16/5/2026)."}
{"timestamp":"2026-05-19T14:08:44.568Z","eventType":"record_updated","message":"ADMIN APROBÓ el registro de 'FIDEL ANGEL MARTINEZ NIETO' del 16/5/2026."}
{"timestamp":"2026-05-19T14:08:56.755Z","eventType":"record_updated","message":"ADMIN APROBÓ el registro de 'FIDEL ANGEL MARTINEZ NIETO' del 16/5/2026."}
{"timestamp":"2026-05-19T14:09:01.341Z","eventType":"record_updated","message":"ADMIN APROBÓ el registro de 'FRANKLIN WILFREDO COREAS AQUINO' del 16/5/2026."}
{"timestamp":"2026-05-19T14:09:07.687Z","eventType":"record_updated","message":"ADMIN APROBÓ el registro de 'IVAN ANTONIO ZELAYA PORTILLO' del 16/5/2026."}
{"timestamp":"2026-05-19T14:09:15.748Z","eventType":"record_updated","message":"ADMIN APROBÓ el registro de 'MARVIN JOSUE ALVARENGA GUERRERO' del 16/5/2026."}
{"timestamp":"2026-05-19T14:09:28.449Z","eventType":"record_updated","message":"ADMIN ACTUALIZÓ registro de 'MARVIN JOSUE ALVARENGA GUERRERO' (16/5/2026)."}
{"timestamp":"2026-05-19T14:09:31.626Z","eventType":"record_updated","message":"ADMIN APROBÓ el registro de 'MARVIN JOSUE ALVARENGA GUERRERO' del 16/5/2026."}
{"timestamp":"2026-05-19T14:09:38.180Z","eventType":"record_updated","message":"ADMIN ACTUALIZÓ registro de 'FIDEL ANGEL MARTINEZ NIETO' (16/5/2026)."}
{"timestamp":"2026-05-19T14:09:48.826Z","eventType":"record_updated","message":"ADMIN ACTUALIZÓ registro de 'RONALD ANTONIO GOMEZ PRIVADO' (16/5/2026)."}
{"timestamp":"2026-05-19T14:09:52.614Z","eventType":"record_updated","message":"ADMIN APROBÓ el registro de 'RONALD ANTONIO GOMEZ PRIVADO' del 16/5/2026."}
{"timestamp":"2026-05-19T14:10:00.086Z","eventType":"record_updated","message":"ADMIN APROBÓ el registro de 'WALTER ALEXANDER VELASQUEZ GOMEZ' del 16/5/2026."}
{"timestamp":"2026-05-19T14:10:18.727Z","eventType":"record_updated","message":"ADMIN ACTUALIZÓ registro de 'WALTER ALEXANDER VELASQUEZ GOMEZ' (16/5/2026)."}
{"timestamp":"2026-05-19T14:10:28.586Z","eventType":"record_updated","message":"ADMIN APROBÓ el registro de 'DOUGLAS ENRIQUE ARGUETA AYALA' del 15/5/2026."}
{"timestamp":"2026-05-19T14:10:32.472Z","eventType":"record_updated","message":"ADMIN APROBÓ el registro de 'FERNANDO JOSE ALFARO PALACIOS' del 15/5/2026."}
{"timestamp":"2026-05-19T14:10:37.276Z","eventType":"record_updated","message":"ADMIN APROBÓ el registro de 'FIDEL ANGEL MARTINEZ NIETO' del 15/5/2026."}
{"timestamp":"2026-05-19T14:11:19.279Z","eventType":"record_updated","message":"ADMIN APROBÓ el registro de 'FRANKLIN WILFREDO COREAS AQUINO' del 15/5/2026."}
{"timestamp":"2026-05-19T14:11:21.481Z","eventType":"record_updated","message":"ADMIN APROBÓ el registro de 'IVAN ANTONIO ZELAYA PORTILLO' del 15/5/2026."}
{"timestamp":"2026-05-19T14:11:27.214Z","eventType":"record_updated","message":"ADMIN APROBÓ el registro de 'MARIO ERNESTO GOMEZ ROMERO' del 15/5/2026."}
{"timestamp":"2026-05-19T14:11:32.043Z","eventType":"record_updated","message":"ADMIN APROBÓ el registro de 'MARVIN JOSUE ALVARENGA GUERRERO' del 15/5/2026."}
{"timestamp":"2026-05-19T14:11:39.321Z","eventType":"record_updated","message":"ADMIN APROBÓ el registro de 'RONALD ANTONIO GOMEZ PRIVADO' del 15/5/2026."}
{"timestamp":"2026-05-19T14:11:42.464Z","eventType":"record_updated","message":"ADMIN APROBÓ el registro de 'VICTOR MANUEL HERNANDEZ FUENTES' del 15/5/2026."}
{"timestamp":"2026-05-19T14:11:47.085Z","eventType":"record_updated","message":"ADMIN APROBÓ el registro de 'WALTER ALEXANDER VELASQUEZ GOMEZ' del 15/5/2026."}
{"timestamp":"2026-05-19T14:11:56.009Z","eventType":"record_updated","message":"ADMIN APROBÓ el registro de 'BRAYAN ESTIVEN AYALA AYALA' del 10/5/2026."}
{"timestamp":"2026-05-19T14:11:58.115Z","eventType":"record_updated","message":"ADMIN APROBÓ el registro de 'CARLOS ENRIQUE BARQUERO FLORES' del 10/5/2026."}
{"timestamp":"2026-05-20T22:44:36.728Z","eventType":"record_updated","message":"ADMIN APROBÓ el registro de 'VICTOR MANUEL HERNANDEZ FUENTES' del 20/5/2026."}
{"timestamp":"2026-05-20T22:44:42.785Z","eventType":"record_updated","message":"ADMIN ACTUALIZÓ registro de 'EDWIN ALEXANDER PALACIOS LINO' (19/5/2026)."}
{"timestamp":"2026-05-20T22:44:44.673Z","eventType":"record_updated","message":"ADMIN APROBÓ el registro de 'EDWIN ALEXANDER PALACIOS LINO' del 19/5/2026."}
{"timestamp":"2026-05-20T22:44:49.993Z","eventType":"record_updated","message":"ADMIN APROBÓ el registro de 'FRANKLIN WILFREDO COREAS AQUINO' del 19/5/2026."}
{"timestamp":"2026-05-20T22:44:54.607Z","eventType":"record_updated","message":"ADMIN APROBÓ el registro de 'IVAN ANTONIO ZELAYA PORTILLO' del 19/5/2026."}
{"timestamp":"2026-05-20T22:44:58.176Z","eventType":"record_updated","message":"ADMIN APROBÓ el registro de 'MARVIN JOSUE ALVARENGA GUERRERO' del 19/5/2026."}
{"timestamp":"2026-05-20T22:45:06.150Z","eventType":"record_updated","message":"ADMIN ACTUALIZÓ registro de 'EDWIN ALEXANDER PALACIOS LINO' (18/5/2026)."}
{"timestamp":"2026-05-20T22:45:07.992Z","eventType":"record_updated","message":"ADMIN APROBÓ el registro de 'EDWIN ALEXANDER PALACIOS LINO' del 18/5/2026."}
{"timestamp":"2026-05-20T22:47:16.556Z","eventType":"record_updated","message":"ADMIN APROBÓ el registro de 'JOSUE  DANIEL ROMERO CHICAS' del 15/5/2026."}
{"timestamp":"2026-05-20T22:47:18.460Z","eventType":"record_updated","message":"ADMIN APROBÓ el registro de 'JOSUE  DANIEL ROMERO CHICAS' del 16/5/2026."}
{"timestamp":"2026-05-20T22:47:25.007Z","eventType":"record_updated","message":"ADMIN APROBÓ el registro de 'MARVIN JOSUE ALVARENGA GUERRERO' del 18/5/2026."}
{"timestamp":"2026-05-20T22:47:27.673Z","eventType":"record_updated","message":"ADMIN APROBÓ el registro de 'JOSUE  DANIEL ROMERO CHICAS' del 18/5/2026."}
{"timestamp":"2026-05-20T22:47:29.901Z","eventType":"record_updated","message":"ADMIN APROBÓ el registro de 'JOSUE  DANIEL ROMERO CHICAS' del 18/5/2026."}
{"timestamp":"2026-05-24T17:29:07.939Z","eventType":"employee_updated","message":"EMPLEADO ACTUALIZADO: '[24] FREDY ALBERTO VASQUEZ VIGIL'. Cambios: Estado a 'inactive'."}
{"timestamp":"2026-05-24T17:29:13.271Z","eventType":"employee_updated","message":"EMPLEADO ACTUALIZADO: '[26] CHRISTIAN DE JESUS SEGOVIA'. Cambios: Estado a 'inactive'."}
{"timestamp":"2026-05-24T17:29:24.746Z","eventType":"employee_updated","message":"EMPLEADO ACTUALIZADO: '[36] WIDMAN RAFAEL LUCHA GALLARDO'. Cambios: Estado a 'inactive'."}
{"timestamp":"2026-05-24T17:29:45.224Z","eventType":"employee_updated","message":"EMPLEADO ACTUALIZADO: '[54] MARIA TOMASA REYES MEJIA'. Cambios: Estado a 'inactive'."}
{"timestamp":"2026-05-24T17:29:49.298Z","eventType":"employee_updated","message":"EMPLEADO ACTUALIZADO: '[55] FANNY YAMILETH CRUZ COREAS'. Cambios: Estado a 'inactive'."}
{"timestamp":"2026-05-24T17:30:27.434Z","eventType":"employee_updated","message":"EMPLEADO ACTUALIZADO: '[87] VICTOR MANUEL PALOMO ORELLANA'. Cambios: Estado a 'inactive'."}
{"timestamp":"2026-05-24T17:31:25.202Z","eventType":"employee_created","message":"NUEVO EMPLEADO: Se creó a '[92] ARGELIA GRACIELA HENRIQUEZ GOMEZ' asignado a la sucursal 'SAN VICENTE' con un salario de $500. Jefe: SI."}
{"timestamp":"2026-05-24T17:42:23.006Z","eventType":"record_updated","message":"ADMIN APROBÓ el registro de 'DOUGLAS ENRIQUE ARGUETA AYALA' del 24/5/2026."}
{"timestamp":"2026-05-24T17:42:25.085Z","eventType":"record_updated","message":"ADMIN APROBÓ el registro de 'IVAN ANTONIO ZELAYA PORTILLO' del 24/5/2026."}
{"timestamp":"2026-05-24T17:42:40.553Z","eventType":"record_updated","message":"ADMIN ACTUALIZÓ registro de 'IVAN ANTONIO ZELAYA PORTILLO' (24/5/2026)."}
{"timestamp":"2026-05-24T17:42:52.500Z","eventType":"record_updated","message":"ADMIN APROBÓ el registro de 'MARVIN JOSUE ALVARENGA GUERRERO' del 24/5/2026."}
{"timestamp":"2026-05-24T17:43:02.542Z","eventType":"record_updated","message":"ADMIN APROBÓ el registro de 'FRANKLIN WILFREDO COREAS AQUINO' del 23/5/2026."}
{"timestamp":"2026-05-24T17:43:08.881Z","eventType":"record_updated","message":"ADMIN APROBÓ el registro de 'MARIO ERNESTO GOMEZ ROMERO' del 23/5/2026."}
{"timestamp":"2026-05-24T17:43:22.293Z","eventType":"record_updated","message":"ADMIN ACTUALIZÓ registro de 'MARIO ERNESTO GOMEZ ROMERO' (23/5/2026)."}
{"timestamp":"2026-05-24T17:43:32.111Z","eventType":"record_updated","message":"ADMIN ACTUALIZÓ registro de 'FRANKLIN WILFREDO COREAS AQUINO' (23/5/2026)."}
{"timestamp":"2026-05-24T17:43:55.999Z","eventType":"record_updated","message":"ADMIN APROBÓ el registro de 'MARVIN JOSUE ALVARENGA GUERRERO' del 23/5/2026."}
{"timestamp":"2026-05-24T17:44:09.918Z","eventType":"record_updated","message":"ADMIN APROBÓ el registro de 'RONALD ANTONIO GOMEZ PRIVADO' del 23/5/2026."}
{"timestamp":"2026-05-24T17:44:21.856Z","eventType":"record_updated","message":"ADMIN APROBÓ el registro de 'IVAN ANTONIO ZELAYA PORTILLO' del 22/5/2026."}
{"timestamp":"2026-05-24T17:44:27.785Z","eventType":"record_updated","message":"ADMIN APROBÓ el registro de 'MARVIN JOSUE ALVARENGA GUERRERO' del 22/5/2026."}
{"timestamp":"2026-05-24T17:44:39.448Z","eventType":"record_updated","message":"ADMIN APROBÓ el registro de 'VICTOR MANUEL HERNANDEZ FUENTES' del 22/5/2026."}
{"timestamp":"2026-05-24T17:44:57.012Z","eventType":"record_updated","message":"ADMIN ACTUALIZÓ registro de 'BRYAN ARTURO HERRERA RODRIGUEZ' (21/5/2026)."}
{"timestamp":"2026-05-24T17:45:02.757Z","eventType":"record_updated","message":"ADMIN APROBÓ el registro de 'BRYAN ARTURO HERRERA RODRIGUEZ' del 21/5/2026."}
{"timestamp":"2026-05-24T17:45:22.020Z","eventType":"record_updated","message":"ADMIN APROBÓ el registro de 'BRYAN ARTURO HERRERA RODRIGUEZ' del 21/5/2026."}
{"timestamp":"2026-05-24T17:45:40.812Z","eventType":"record_updated","message":"ADMIN APROBÓ el registro de 'FRANKLIN WILFREDO COREAS AQUINO' del 21/5/2026."}
{"timestamp":"2026-05-24T17:46:03.238Z","eventType":"record_updated","message":"ADMIN ACTUALIZÓ registro de 'GUILLERMO ALEXANDER ZELAYA PORTILLO' (21/5/2026)."}
{"timestamp":"2026-05-24T17:46:05.994Z","eventType":"record_updated","message":"ADMIN APROBÓ el registro de 'GUILLERMO ALEXANDER ZELAYA PORTILLO' del 21/5/2026."}
{"timestamp":"2026-05-24T17:46:19.987Z","eventType":"record_updated","message":"ADMIN APROBÓ el registro de 'GUILLERMO ALEXANDER ZELAYA PORTILLO' del 21/5/2026."}
{"timestamp":"2026-05-24T17:46:41.208Z","eventType":"record_updated","message":"ADMIN APROBÓ el registro de 'MARVIN JOSUE ALVARENGA GUERRERO' del 21/5/2026."}
{"timestamp":"2026-05-24T17:46:56.836Z","eventType":"record_updated","message":"ADMIN APROBÓ el registro de 'RONALD ANTONIO GOMEZ PRIVADO' del 21/5/2026."}
{"timestamp":"2026-05-24T17:47:03.184Z","eventType":"record_updated","message":"ADMIN APROBÓ el registro de 'VICTOR MANUEL HERNANDEZ FUENTES' del 21/5/2026."}
{"timestamp":"2026-05-24T17:47:25.519Z","eventType":"record_updated","message":"ADMIN ACTUALIZÓ registro de 'EDWIN ALEXANDER PALACIOS LINO' (20/5/2026)."}
{"timestamp":"2026-05-24T17:47:32.686Z","eventType":"record_updated","message":"ADMIN APROBÓ el registro de 'EDWIN ALEXANDER PALACIOS LINO' del 20/5/2026."}
{"timestamp":"2026-05-24T17:47:52.538Z","eventType":"record_updated","message":"ADMIN RECHAZÓ el registro de 'EDWIN ALEXANDER PALACIOS LINO' del 23/5/2026."}
{"timestamp":"2026-05-24T17:48:08.936Z","eventType":"record_updated","message":"ADMIN APROBÓ el registro de 'IVAN ANTONIO ZELAYA PORTILLO' del 20/5/2026."}
{"timestamp":"2026-05-24T17:48:21.424Z","eventType":"record_updated","message":"ADMIN APROBÓ el registro de 'JUAN EMILIO ULLOA GOMEZ' del 20/5/2026."}
{"timestamp":"2026-05-24T17:48:45.476Z","eventType":"record_updated","message":"ADMIN APROBÓ el registro de 'RUDY ARTEMYS RIVERA' del 20/5/2026."}
{"timestamp":"2026-05-24T17:48:53.993Z","eventType":"record_updated","message":"ADMIN APROBÓ el registro de 'RUDY ARTEMYS RIVERA' del 16/5/2026."}
{"timestamp":"2026-05-24T17:49:15.869Z","eventType":"record_updated","message":"ADMIN APROBÓ el registro de 'FIDEL ANGEL MARTINEZ NIETO' del 24/5/2026."}
{"timestamp":"2026-05-24T17:50:06.686Z","eventType":"record_updated","message":"ADMIN APROBÓ el registro de 'FIDEL ANGEL MARTINEZ NIETO' del 23/5/2026."}
{"timestamp":"2026-05-24T17:52:55.034Z","eventType":"record_updated","message":"ADMIN APROBÓ el registro de 'FIDEL ANGEL MARTINEZ NIETO' del 22/5/2026."}
{"timestamp":"2026-05-24T17:53:13.055Z","eventType":"record_updated","message":"ADMIN APROBÓ el registro de 'FIDEL ANGEL MARTINEZ NIETO' del 21/5/2026."}
{"timestamp":"2026-05-24T17:53:33.129Z","eventType":"record_updated","message":"ADMIN APROBÓ el registro de 'FIDEL ANGEL MARTINEZ NIETO' del 21/5/2026."}
{"timestamp":"2026-05-29T01:46:10.144Z","eventType":"record_updated","message":"ADMIN APROBÓ el registro de 'STEVEN EFRAIN MEDRANO DEL CID' del 28/5/2026."}
{"timestamp":"2026-05-29T01:46:57.878Z","eventType":"record_updated","message":"ADMIN APROBÓ el registro de 'BRYAN ARTURO HERRERA RODRIGUEZ' del 27/5/2026."}
{"timestamp":"2026-05-29T01:47:12.833Z","eventType":"record_updated","message":"ADMIN APROBÓ el registro de 'DANIEL ALESSANDRO ROSALES GONZALEZ' del 27/5/2026."}
{"timestamp":"2026-05-29T01:47:30.500Z","eventType":"record_updated","message":"ADMIN APROBÓ el registro de 'FIDEL ANGEL MARTINEZ NIETO' del 27/5/2026."}
{"timestamp":"2026-05-29T01:47:45.576Z","eventType":"record_updated","message":"ADMIN APROBÓ el registro de 'FIDEL ANGEL MARTINEZ NIETO' del 27/5/2026."}
{"timestamp":"2026-05-29T01:47:57.658Z","eventType":"record_updated","message":"ADMIN APROBÓ el registro de 'FRANKLIN WILFREDO COREAS AQUINO' del 27/5/2026."}
{"timestamp":"2026-05-29T01:48:08.094Z","eventType":"record_updated","message":"ADMIN APROBÓ el registro de 'GUILLERMO ALEXANDER ZELAYA PORTILLO' del 27/5/2026."}
{"timestamp":"2026-05-29T01:48:18.293Z","eventType":"record_updated","message":"ADMIN APROBÓ el registro de 'IVAN ANTONIO ZELAYA PORTILLO' del 27/5/2026."}
{"timestamp":"2026-05-29T01:48:20.128Z","eventType":"record_updated","message":"ADMIN APROBÓ el registro de 'JOSUE  DANIEL ROMERO CHICAS' del 27/5/2026."}
{"timestamp":"2026-05-29T01:48:33.308Z","eventType":"record_updated","message":"ADMIN APROBÓ el registro de 'JUAN EMILIO ULLOA GOMEZ' del 27/5/2026."}
{"timestamp":"2026-05-29T01:49:36.983Z","eventType":"record_updated","message":"ADMIN APROBÓ el registro de 'MARIO ERNESTO GOMEZ ROMERO' del 27/5/2026."}
{"timestamp":"2026-05-29T01:49:46.794Z","eventType":"record_updated","message":"ADMIN APROBÓ el registro de 'MARVIN JOSUE ALVARENGA GUERRERO' del 27/5/2026."}
{"timestamp":"2026-05-29T01:49:57.410Z","eventType":"record_updated","message":"ADMIN APROBÓ el registro de 'RONALD ANTONIO GOMEZ PRIVADO' del 27/5/2026."}
{"timestamp":"2026-05-29T01:50:19.446Z","eventType":"record_updated","message":"ADMIN RECHAZÓ el registro de 'VICTOR MANUEL HERNANDEZ FUENTES' del 27/5/2026."}
{"timestamp":"2026-05-29T01:50:58.650Z","eventType":"record_updated","message":"ADMIN APROBÓ el registro de 'KARLA SOFIA LOVO CORDOVA' del 27/5/2026."}
{"timestamp":"2026-05-29T01:51:08.277Z","eventType":"record_updated","message":"ADMIN APROBÓ el registro de 'VICTOR MANUEL HERNANDEZ FUENTES' del 27/5/2026."}
{"timestamp":"2026-05-29T01:51:33.499Z","eventType":"record_updated","message":"ADMIN APROBÓ el registro de 'ANDRE DUARTE SOSA' del 26/5/2026."}
{"timestamp":"2026-05-29T01:51:42.480Z","eventType":"record_updated","message":"ADMIN RECHAZÓ el registro de 'DANIEL ALESSANDRO ROSALES GONZALEZ' del 26/5/2026."}
{"timestamp":"2026-05-29T01:51:55.397Z","eventType":"record_updated","message":"ADMIN APROBÓ el registro de 'EDWIN ALEXANDER PALACIOS LINO' del 26/5/2026."}
{"timestamp":"2026-05-29T01:52:06.934Z","eventType":"record_updated","message":"ADMIN APROBÓ el registro de 'JOSUE  DANIEL ROMERO CHICAS' del 26/5/2026."}
{"timestamp":"2026-05-29T01:52:14.831Z","eventType":"record_updated","message":"ADMIN APROBÓ el registro de 'JUAN EMILIO ULLOA GOMEZ' del 26/5/2026."}
{"timestamp":"2026-05-29T01:52:31.994Z","eventType":"record_updated","message":"ADMIN APROBÓ el registro de 'MARVIN JOSUE ALVARENGA GUERRERO' del 26/5/2026."}
{"timestamp":"2026-05-29T01:53:25.548Z","eventType":"record_updated","message":"ADMIN APROBÓ el registro de 'VICTOR MANUEL HERNANDEZ FUENTES' del 26/5/2026."}
{"timestamp":"2026-05-29T01:53:34.932Z","eventType":"record_updated","message":"ADMIN APROBÓ el registro de 'FIDEL ANGEL MARTINEZ NIETO' del 25/5/2026."}
{"timestamp":"2026-05-29T01:53:52.125Z","eventType":"record_updated","message":"ADMIN APROBÓ el registro de 'FRANKLIN WILFREDO COREAS AQUINO' del 25/5/2026."}
{"timestamp":"2026-05-29T01:53:59.464Z","eventType":"record_updated","message":"ADMIN APROBÓ el registro de 'FIDEL ANGEL MARTINEZ NIETO' del 25/5/2026."}
{"timestamp":"2026-05-29T01:54:29.216Z","eventType":"record_updated","message":"ADMIN APROBÓ el registro de 'JOSUE DANIEL SOSA GODINEZ' del 25/5/2026."}
{"timestamp":"2026-05-29T01:54:39.679Z","eventType":"record_updated","message":"ADMIN APROBÓ el registro de 'JOSUE  DANIEL ROMERO CHICAS' del 25/5/2026."}
{"timestamp":"2026-05-29T01:54:48.490Z","eventType":"record_updated","message":"ADMIN APROBÓ el registro de 'KEVIN ALEXANDER MARTINEZ PINTO' del 25/5/2026."}
{"timestamp":"2026-05-29T01:55:14.843Z","eventType":"record_updated","message":"ADMIN APROBÓ el registro de 'MARIO ERNESTO GOMEZ ROMERO' del 25/5/2026."}
{"timestamp":"2026-05-29T01:55:21.026Z","eventType":"record_updated","message":"ADMIN APROBÓ el registro de 'VICTOR MANUEL HERNANDEZ FUENTES' del 25/5/2026."}
{"timestamp":"2026-05-29T01:55:32.679Z","eventType":"record_updated","message":"ADMIN RECHAZÓ el registro de 'HENRY ALEXANDER SANTACRUZ BLANCO' del 24/5/2026."}
{"timestamp":"2026-05-29T01:56:14.686Z","eventType":"record_updated","message":"ADMIN APROBÓ el registro de 'JORGE MARLON HERNANDEZ LUNA' del 18/5/2026."}
{"timestamp":"2026-05-29T01:56:26.136Z","eventType":"record_updated","message":"ADMIN APROBÓ el registro de 'ROBERTO ANTONIO VELIS DIAZ' del 19/5/2026."}
{"timestamp":"2026-05-29T01:56:47.081Z","eventType":"record_updated","message":"ADMIN APROBÓ el registro de 'VICTOR MANUEL HERNANDEZ FUENTES' del 23/5/2026."}
{"timestamp":"2026-05-29T01:56:53.598Z","eventType":"record_updated","message":"ADMIN RECHAZÓ el registro de 'RICARDO JOSUE ALAS DIAZ' del 23/5/2026."}
{"timestamp":"2026-05-29T01:57:00.551Z","eventType":"record_updated","message":"ADMIN APROBÓ el registro de 'JOSUE  DANIEL ROMERO CHICAS' del 23/5/2026."}
{"timestamp":"2026-05-29T01:57:06.109Z","eventType":"record_updated","message":"ADMIN APROBÓ el registro de 'JOSUE  DANIEL ROMERO CHICAS' del 23/5/2026."}
{"timestamp":"2026-05-29T01:57:21.831Z","eventType":"record_updated","message":"ADMIN APROBÓ el registro de 'JORGE MARLON HERNANDEZ LUNA' del 23/5/2026."}
{"timestamp":"2026-05-29T01:57:58.312Z","eventType":"record_updated","message":"ADMIN APROBÓ el registro de 'WALTER ALEXANDER VELASQUEZ GOMEZ' del 24/5/2026."}
{"timestamp":"2026-05-29T21:14:56.898Z","eventType":"record_updated","message":"ADMIN APROBÓ el registro de 'VICTOR MANUEL HERNANDEZ FUENTES' del 29/5/2026."}
{"timestamp":"2026-05-29T21:14:59.342Z","eventType":"record_updated","message":"ADMIN APROBÓ el registro de 'VICTOR MANUEL HERNANDEZ FUENTES' del 29/5/2026."}
{"timestamp":"2026-05-29T21:15:03.439Z","eventType":"record_updated","message":"ADMIN APROBÓ el registro de 'FIDEL ANGEL MARTINEZ NIETO' del 28/5/2026."}
{"timestamp":"2026-05-29T21:15:08.210Z","eventType":"record_updated","message":"ADMIN APROBÓ el registro de 'FRANKLIN WILFREDO COREAS AQUINO' del 28/5/2026."}
{"timestamp":"2026-05-29T21:15:11.867Z","eventType":"record_updated","message":"ADMIN APROBÓ el registro de 'IVAN ANTONIO ZELAYA PORTILLO' del 28/5/2026."}
{"timestamp":"2026-05-29T21:15:16.646Z","eventType":"record_updated","message":"ADMIN APROBÓ el registro de 'JOSE GUILLERMO HENRIQUEZ' del 28/5/2026."}
{"timestamp":"2026-05-29T21:15:20.712Z","eventType":"record_updated","message":"ADMIN APROBÓ el registro de 'MARVIN JOSUE ALVARENGA GUERRERO' del 28/5/2026."}
{"timestamp":"2026-05-29T21:15:31.530Z","eventType":"record_updated","message":"ADMIN APROBÓ el registro de 'VICTOR MANUEL HERNANDEZ FUENTES' del 28/5/2026."}
{"timestamp":"2026-05-30T03:42:27.813Z","eventType":"record_updated","message":"ADMIN RECHAZÓ el registro de 'MARIO ERNESTO GOMEZ ROMERO' del 28/5/2026."}
{"timestamp":"2026-05-30T03:42:46.526Z","eventType":"record_updated","message":"ADMIN APROBÓ el registro de 'IVAN ANTONIO ZELAYA PORTILLO' del 29/5/2026."}
{"timestamp":"2026-05-30T03:42:56.165Z","eventType":"record_updated","message":"ADMIN APROBÓ el registro de 'FRANKLIN WILFREDO COREAS AQUINO' del 29/5/2026."}
{"timestamp":"2026-05-30T17:53:17.503Z","eventType":"employee_created","message":"NUEVO EMPLEADO: Se creó a '[93] ERNESTO DAGOBERTO JOYA MENDEZ' asignado a la sucursal 'SAN MIGUEL' con un salario de $408.8. Jefe: NO."}
{"timestamp":"2026-05-30T17:54:27.285Z","eventType":"employee_created","message":"NUEVO EMPLEADO: Se creó a '[94] KIMBERLY CECILIA ALVARENGA MORALES' asignado a la sucursal 'USULUTAN' con un salario de $408.8. Jefe: NO."}
{"timestamp":"2026-05-30T17:54:41.690Z","eventType":"employee_created","message":"NUEVO EMPLEADO: Se creó a '[95] KENIA ESPERANZA BONILLA HERNANDEZ' asignado a la sucursal 'USULUTAN' con un salario de $408.8. Jefe: NO."}
{"timestamp":"2026-05-30T17:54:57.410Z","eventType":"employee_created","message":"NUEVO EMPLEADO: Se creó a '[96] MAX STEVEN HERNANDEZ CRUZ' asignado a la sucursal 'USULUTAN' con un salario de $408.8. Jefe: NO."}
{"timestamp":"2026-05-31T00:27:36.022Z","eventType":"employee_updated","message":"EMPLEADO ACTUALIZADO: '[92] ARGELIA GRACIELA HENRIQUEZ GARCIA'. Cambios: Nombre a 'ARGELIA GRACIELA HENRIQUEZ GARCIA'."}
{"timestamp":"2026-05-31T00:29:38.408Z","eventType":"employee_updated","message":"EMPLEADO ACTUALIZADO: '[74] NELSY JOHANNA DIAZ DE CHICAS'. Cambios: Estado a 'inactive'."}
{"timestamp":"2026-05-31T00:29:53.888Z","eventType":"employee_updated","message":"EMPLEADO ACTUALIZADO: '[67] ERICK EDMUNDO CANDRAY RUIZ'. Cambios: Estado a 'inactive'."}
{"timestamp":"2026-06-01T16:55:38.833Z","eventType":"employee_updated","message":"EMPLEADO ACTUALIZADO: '[72] DAVID ULISES VELIS REYES'. Cambios: Estado a 'inactive'."}
